Player,NumTackles,Int,PD,Fumb,FumbRec,TD,Age,Sacks
Calais Campbell,809,3,57,1,12,3,22-36,99
Tyson Alualu,416,0,15,0,3,0,23-35,25
Carlos Dunlap,578,2,77,0,9,3,21-33,100
Brandon Graham,451,0,8,0,7,1,22-34,70
Jerry Hughes,447,2,21,0,5,2,22-34,67
Kareem Jackson,901,20,107,0,7,4,22-34,3
Linval Joseph,664,0,6,0,5,1,22-34,25.5
Devin McCourty,971,35,110,1,7,4,23-35,3
Jason Pierre-Paul,629,5,66,0,10,3,21-33,94.5
Ndamukong Suh,600,1,38,0,9,3,23-35,71.5
Mario Addison,296,0,7,0,4,0,24-35,68
Nick Bellore,224,1,5,1,5,2,22-33,1
Josh Bynes,582,5,34,0,3,1,22-33,8.5
Chris Harris Jr.,621,22,97,0,4,4,22-33,6
Cameron Heyward,614,2,46,0,7,0,22-33,78.5
Justin Houston,506,5,34,0,14,2,22-33,111.5
Cameron Jordan,639,2,58,0,10,1,22-33,115.5
Corey Peters,336,1,10,0,3,1,22-34,19
Patrick Peterson,610,34,111,19,12,6,21-32,4
Robert Quinn,369,0,20,0,3,1,21-32,102
J.J. Watt,586,2,70,0,17,6,22-33,114.5
Al Woods,293,0,7,0,2,0,23-35,9
Justin Bethel,263,5,24,0,8,4,22-32,0
Michael Brockers,451,0,10,0,1,0,22-32,29
Fletcher Cox,486,0,14,0,13,3,22-32,65
Demario Davis,1136,3,47,0,7,0,23-33,36
Lavonte David,1346,12,59,0,18,3,22-32,29
Stephon Gilmore,493,29,127,0,3,2,22-32,1
Tashaun Gipson,624,32,65,1,3,3,22-32,1.5
Lawrence Guy,469,1,8,0,6,0,22-32,17
Josh Harris,30,0,0,1,0,0,23-33,0
Casey Hayward,448,25,112,0,4,3,23-33,0
Akiem Hicks,409,0,12,0,6,2,23-33,41.5
Melvin Ingram,407,3,30,1,9,2,23-33,57
Bruce Irvin,343,3,13,0,3,2,25-35,55.5
Jackrabbit Jenkins,579,27,124,4,2,10,24-34,2
Chandler Jones,511,1,30,0,13,3,22-32,112
Rodney McLeod,689,18,60,0,9,3,22-32,2
Von Miller,561,2,24,0,9,2,22-33,123.5
Josh Norman,497,16,88,1,7,3,25-35,1
Harrison Smith,946,34,83,0,8,4,23-33,16.5
Bobby Wagner,1523,13,65,1,9,4,22-32,29.5
Chris Banjo,143,3,8,0,2,1,23-32,0
Jamie Collins,708,12,39,1,8,2,24-33,26.5
Vinny Curry,209,0,2,0,2,0,24-34,32.5
Cody Davis,113,2,8,1,2,0,24-33,0
Nate Ebner,105,0,1,1,3,0,24-33,0
William Gholston,401,0,12,0,3,0,22-31,19.5
Johnathan Hankins,376,0,10,0,3,0,21-30,14.5
Duron Harmon,401,23,43,0,3,1,22-31,0
Micah Hyde,590,22,59,5,8,5,23-32,5
John Jenkins,212,0,4,0,1,0,24-33,2.5
A.J. Klein,465,4,20,0,4,1,22-31,15.5
Tyrann Mathieu,701,29,84,0,7,3,21-30,11
Jordan Poyer,706,24,50,1,7,1,22-31,11
Xavier Rhodes,457,13,92,0,1,2,23-32,0
Nickell Robey-Coleman,338,6,49,0,6,3,21-30,5
Logan Ryan,742,19,98,0,4,1,22-31,13
Darius Slay,513,26,133,0,4,4,22-31,1
Akeem Spence,215,0,0,0,4,0,22-31,10.5
Julian Stanford,117,0,1,0,2,0,22-32,1
Michael Thomas,343,3,16,0,1,0,23-32,2
Brandon Williams,325,0,11,0,5,1,24-33,7
Tavon Wilson,393,8,21,0,7,1,22-31,5
Jeremiah Attaochu,148,0,2,0,1,0,21-29,20.5
Denico Autry,260,0,27,0,3,0,24-32,47.5
Anthony Barr,553,5,32,0,9,1,22-30,18.5
Jonathan Bostic,584,3,15,0,2,0,22-31,9.5
T.J. Carrie,395,7,52,3,10,2,24-32,2
Jadeveon Clowney,320,1,23,0,8,4,21-29,43
Jack Crawford,165,1,4,0,0,0,24-32,18
Aaron Donald,490,0,18,0,7,0,23-31,103
Justin Ellis,182,0,3,0,0,0,24-32,1.5
Tony Jefferson,492,4,24,0,4,1,21-30,9.5
Dontae Johnson,214,2,26,0,4,2,23-31,1
Christian Jones,465,0,16,0,4,0,23-31,7
DaQuan Jones,311,0,4,0,3,1,23-31,12
Lamarcus Joyner,478,7,39,0,3,1,24-32,5
Devon Kennard,357,1,10,0,6,1,23-31,26.5
Christian Kirksey,778,7,33,0,6,0,22-30,16.5
DeMarcus Lawrence,386,2,14,0,8,2,22-30,54.5
Khalil Mack,517,3,24,0,12,2,23-31,84.5
Mike Pennel,202,0,4,0,1,0,23-31,2
Adrian Phillips,518,11,34,0,0,1,22-30,1
Kevin Pierre-Louis,198,1,9,0,2,0,23-31,2
Bradley Roby,370,11,85,0,7,4,22-30,5
Daniel Sorensen,432,14,36,1,4,4,24-32,4.5
Kyle Van Noy,470,3,29,0,9,4,23-31,33.5
Jimmie Ward,451,7,44,0,2,2,23-31,3
Derek Wolfe,350,1,17,0,3,0,22-30,34
Kwon Alexander,590,8,33,1,5,1,21-28,12.5
Adrian Amos,636,10,48,0,4,1,22-29,6
Henry Anderson,188,0,8,0,1,0,24-31,11.5
Arik Armstead,275,0,6,0,1,0,22-29,28.5
Shaquil Barrett,348,2,16,1,5,0,23-30,54.5
Angelo Blackson,166,1,8,0,1,0,23-30,8.5
Bashaud Breeland,439,16,86,0,6,3,22-29,1
Frank Clark,263,2,13,0,7,0,22-29,58.5
Justin Coleman,248,6,44,0,4,4,22-29,2
Landon Collins,691,12,41,0,5,2,21-28,11
Christian Covington,196,0,2,0,0,0,22-29,9.5
Ronald Darby,373,8,90,0,1,0,21-28,0
Tyeler Davison,217,0,4,0,1,0,23-30,5
Darqueze Dennard,313,4,27,0,1,1,23-30,3
Quandre Diggs,485,23,51,0,2,2,22-29,1
Bud Dupree,266,1,12,0,4,1,22-29,46.5
Mario Edwards,135,0,5,0,0,0,21-28,19.5
Trey Flowers,265,0,7,0,4,0,22-29,31.5
Dee Ford,159,0,7,0,0,0,23-30,40
L.J. Fort,173,1,10,0,3,2,22-30,5
Kyle Fuller,444,19,86,0,0,0,22-30,0
Markus Golden,323,1,7,0,4,1,24-31,47
Anthony Harris,356,10,31,0,4,1,24-31,0
Shelby Harris,261,1,29,0,0,0,23-31,24.5
Neville Hewitt,426,3,13,1,2,0,22-29,7.5
Jordan Hicks,767,12,44,0,9,1,23-30,13.5
Troy Hill,334,8,34,0,3,3,24-31,3
Grady Jarrett,420,0,4,0,3,0,22-29,32.5
Eric Kendricks,919,9,51,0,6,3,23-30,15
Josh Mauro,130,0,5,0,1,0,23-30,5
David Mayo,236,0,5,0,2,0,22-29,3
Bobby McCain,393,11,44,1,0,1,22-29,4
T.Y. McGill,43,0,3,0,0,0,23-30,5.5
Steven Means,108,0,0,0,1,0,23-32,6
Terrance Mitchell,308,9,63,0,1,0,23-30,1
C.J. Mosley,914,11,46,1,8,3,22-30,11.5
Steven Nelson,393,9,66,0,4,0,22-29,1
Rakeem Nunez-Roches,132,0,0,0,1,0,22-29,3.5
Denzel Perryman,586,5,11,0,3,0,23-30,6
Jordan Phillips,166,1,19,0,2,0,23-30,21.5
Eric Rowe,381,5,41,0,1,1,23-30,2
Danny Shelton,278,0,2,0,0,0,22-29,6
Preston Smith,363,5,23,1,6,2,23-30,58
Za'Darius Smith,271,0,12,0,2,0,23-30,54.5
Joe Thomas,278,1,12,1,2,0,24-31,2.5
Shaq Thompson,709,3,26,1,4,1,21-28,12
Brent Urban,128,0,12,0,0,0,24-31,7
K'Waun Williams,345,5,34,0,3,0,23-31,8
Leonard Williams,449,1,9,0,4,0,21-28,38
Nick Williams,125,0,7,0,2,0,24-32,7.5
Damien Wilson,419,1,9,0,0,0,22-29,9
Andrew Adams,252,8,26,0,0,1,24-30,0
Mackensie Alexander,202,3,32,0,0,0,23-29,4.5
Robert Alford,340,11,89,1,2,2,25-33,0
Eli Apple,335,5,51,1,7,0,21-27,0
Vonn Bell,636,6,35,0,11,1,22-28,9.5
Joey Bosa,301,0,2,0,3,0,21-27,60.5
James Bradberry,424,18,99,1,3,1,23-29,3
Anthony Brown,324,9,59,0,1,2,23-29,4
DeForest Buckner,463,0,20,0,9,1,22-28,53
Jonathan Bullard,136,0,5,0,0,0,23-29,3.5
Juston Burris,167,6,20,0,1,0,23-29,1
Deon Bush,100,3,11,0,0,0,23-29,1
Malcolm Butler,406,17,82,0,2,2,24-30,3
Vernon Butler,110,0,3,0,2,0,22-28,8
Kevin Byard,627,27,63,0,3,2,23-29,4
Bryce Callahan,241,9,35,0,1,2,24-31,5
De'Vondre Campbell,704,7,27,0,2,1,23-29,9.5
Kenny Clark,336,0,7,0,6,0,21-27,26.5
Maliek Collins,165,1,3,0,6,0,21-27,20.5
Brandon Copeland,163,0,6,0,0,0,24-31,8
Carl Davis,65,0,3,0,1,0,23-30,2.5
Matthias Farley,185,3,14,0,2,0,24-30,0
Clayton Fejedelem,146,1,3,2,3,1,23-29,0
Leonard Floyd,338,2,13,0,7,2,24-30,47.5
Dante Fowler,227,0,16,0,5,2,22-28,41
Kendall Fuller,407,14,66,0,0,2,21-27,2
C.J. Goodwin,63,0,2,0,0,0,26-32,0
Adam Gotsis,192,0,18,0,4,0,24-30,9.5
Kamu Grugier-Hill,282,2,6,0,2,0,22-28,5
Antonio Hamilton,132,1,14,0,1,0,23-29,0
Javon Hargrave,329,0,6,0,4,1,23-29,37.5
Erik Harris,267,5,28,0,0,2,26-32,0.5
DeAndre Houston-Carson,139,3,8,0,4,1,23-29,0
Xavien Howard,286,28,83,0,5,4,23-29,2
Danielle Hunter,379,0,6,0,4,2,21-28,71
Kerry Hyder,160,0,4,0,6,0,24-31,21
Matthew Ioannidis,212,0,2,0,1,0,22-28,25.5
Myles Jack,617,3,18,0,4,2,21-27,6.5
Quinton Jefferson,158,0,9,0,3,0,23-29,20.5
Austin Johnson,195,0,8,0,1,0,22-28,8
Byron Jones,444,4,57,1,0,1,23-29,0
Chris Jones,243,2,33,0,3,1,22-28,65
Deion Jones,696,12,47,0,2,5,22-28,11
Jonathan Jones,330,11,44,0,2,1,23-29,2.5
Matt Judon,356,0,14,0,4,0,24-30,62.5
Jayron Kearse,316,4,25,0,4,0,22-28,3.5
Miles Killebrew,122,2,6,0,0,1,23-29,0
Nick Kwiatkoski,293,2,12,0,0,0,23-29,7
Shaq Lawson,194,1,14,0,2,1,22-28,25
Cory Littleton,542,6,32,0,5,1,23-29,9.5
Dean Lowry,252,1,16,0,4,1,22-28,15.5
Dean Marlowe,119,2,7,0,2,0,23-30,1.5
Blake Martinez,706,4,22,0,3,0,22-28,13
Tyler Matakevich,125,1,4,0,0,0,24-30,0
Jalen Mills,361,7,52,0,1,1,22-28,1.5
Eric Murray,298,2,14,0,1,0,22-28,4
Carl Nassib,187,1,19,0,2,0,23-29,25.5
Keanu Neal,473,3,20,0,4,0,21-27,2.5
Yannick Ngakoue,202,2,13,0,3,2,21-27,65
Mark Nzeocha,42,1,2,0,0,0,25-31,1
Emmanuel Ogbah,248,0,37,0,4,0,23-29,37
Romeo Okwara,153,0,4,0,1,0,21-27,23
David Onyemata,244,1,6,0,2,0,24-30,23
Will Parks,206,4,14,0,1,1,22-28,2
Marcus Peters,346,32,92,2,10,7,22-29,2
Mike Purcell,183,0,1,0,2,0,23-31,3.5
Jalen Ramsey,452,19,92,0,2,1,22-28,2
Sheldon Rankins,191,1,3,0,2,0,22-28,23.5
D.J. Reader,243,0,7,0,2,0,22-28,8.5
Jarran Reed,289,0,7,0,5,0,24-30,27
Luke Rhodes,11,0,0,0,0,0,24-30,0
Hassan Ridgeway,108,0,1,0,0,0,22-28,10.5
Elandon Roberts,457,1,10,0,2,2,22-28,11
A'Shawn Robinson,293,1,17,0,3,1,21-27,7
Brennan Scarlett,158,1,6,0,1,0,23-29,5.5
Joe Schobert,677,10,30,0,3,1,23-29,11
Justin Simmons,534,27,56,1,2,1,23-29,3.5
Ryan Smith,122,1,12,0,2,0,23-29,0
Jason Verrett,145,7,26,0,1,1,23-30,0
Nick Vigil,443,3,17,0,5,1,23-29,5
Jihad Ward,134,0,7,0,3,0,22-28,13
P.J. Williams,259,8,33,0,2,2,23-29,4
Daryl Worley,280,5,39,0,1,0,21-27,2
Jamal Adams,446,4,34,0,4,2,22-27,21.5
Montravius Adams,85,0,6,0,1,0,22-27,1.5
Jonathan Allen,329,1,4,0,2,0,22-27,33.5
Alex Anzalone,326,3,16,0,1,0,23-28,6.5
Chidobe Awuzie,312,6,56,0,1,0,22-27,0
Budda Baker,650,7,34,0,5,1,21-26,7.5
Derek Barnett,147,0,0,0,3,1,21-26,21.5
Tarell Basham,128,1,7,0,2,0,23-28,11
Breon Borders,42,1,7,0,1,0,22-27,0
Tyus Bowser,152,4,16,0,1,1,22-27,19.5
Jayon Brown,430,4,29,0,4,2,22-27,9.5
Artie Burns,172,4,33,0,2,0,21-27,0
Taco Charlton,95,0,3,0,1,0,23-28,11.5
Chuck Clark,384,5,32,1,4,2,22-27,3.5
Adrian Colbert,109,0,8,0,1,0,24-29,0
Dylan Cole,147,2,9,0,1,1,23-28,2
Zach Cunningham,620,1,19,0,3,1,23-28,6.5
Jarrad Davis,344,1,10,0,3,0,23-28,11
Michael Davis,287,7,59,0,2,1,22-27,1
Rasul Douglas,322,14,60,1,0,2,23-28,1
Samson Ebukam,224,1,8,0,5,2,22-27,23.5
Kyler Fackrell,162,1,4,0,2,1,25-30,23.5
Rudy Ford,132,4,6,0,1,0,23-28,0.5
Morgan Fox,141,0,2,0,4,0,22-28,18.5
Myles Garrett,263,0,13,0,4,1,22-27,74.5
Davon Godchaux,306,0,2,0,0,0,23-28,5.5
Randy Gregory,97,1,2,0,2,0,23-30,18.5
Shaquill Griffin,327,6,59,0,0,0,22-27,1
Nate Hairston,105,2,13,0,0,0,23-28,2
Justin Hardee,14,0,0,0,0,0,28,0
Charles Harris,158,0,5,0,1,0,22-27,15
Trey Hendrickson,131,0,6,0,0,0,23-28,42
Thomas Hennessy,20,0,0,0,0,0,23-28,0
Mike Hilton,363,10,43,0,5,1,23-28,9.5
Malik Hooker,230,11,16,0,3,1,21-26,0
Marlon Humphrey,347,12,71,0,5,2,21-26,5.5
Adoree' Jackson,313,3,48,5,4,0,22-27,0
Eddie Jackson,422,14,39,0,6,6,24-29,2
William Jackson III,205,5,51,1,0,1,25-30,1
Jordan Jenkins,209,0,8,0,5,0,22-27,25
Rayshawn Jenkins,363,8,24,0,0,1,23-28,2.5
Jaleel Johnson,125,0,0,0,2,0,23-28,6.5
John Johnson,512,12,41,0,2,0,22-27,1
D.J. Jones,160,0,9,0,0,0,22-27,9
Joseph Jones,55,0,0,0,0,0,23-28,0
Sidney Jones,154,4,30,0,0,0,21-26,0
Karl Joseph,305,5,20,1,5,0,23-28,3
Damontae Kazee,271,14,19,0,0,0,24-29,0
Desmond King,426,9,33,6,7,5,23-28,8.5
Tanoh Kpassagnon,121,0,7,0,1,0,23-28,13
Marshon Lattimore,327,14,78,0,5,2,21-26,0
Elijah Lee,107,0,2,0,2,0,21-26,1
Jourdan Lewis,263,8,31,0,6,1,22-27,8.5
Greg Mabin,64,0,7,0,1,0,23-28,0
Arthur Maulet,183,3,11,0,1,1,24-29,3
Marcus Maye,372,6,26,0,1,0,24-29,3.5
Takkarist McKinley,98,0,2,0,1,0,22-27,20
Matt Milano,458,8,37,0,9,2,23-28,10.5
Kenny Moore,423,14,49,0,1,1,22-27,8
Fabian Moreau,252,6,35,0,1,0,23-28,0
Al-Quadin Muhammad,157,0,1,0,1,0,22-27,12
Larry Ogunjobi,277,0,1,0,0,0,23-28,23
Jabrill Peppers,393,4,25,7,6,1,22-27,4.5
Michael Pierce,177,0,2,0,4,0,24-30,6.5
Reggie Ragland,293,1,4,0,2,1,24-29,3.5
Haason Reddick,372,0,18,0,5,0,23-28,47
Jalen Reeves-Maybin,187,0,6,0,3,0,22-27,0.5
Duke Riley,230,1,5,0,1,0,23-28,1.5
Roy Robertson-Harris,157,0,12,0,1,0,24-29,13.5
Isaac Rochell,103,1,3,0,0,0,22-27,9.5
Jaylon Smith,624,2,21,0,6,1,22-27,11
Dawuane Smoot,123,0,5,0,2,0,22-27,22.5
Grover Stewart,239,0,7,0,1,0,24-29,8.5
Cameron Sutton,168,8,38,0,1,0,22-27,2
Solomon Thomas,155,0,2,0,1,0,22-27,10
Dalvin Tomlinson,288,0,7,0,2,0,23-28,13
Tanner Vallejo,114,0,2,0,0,0,23-28,2.5
Anthony Walker,469,3,15,0,2,0,22-27,4.5
DeMarcus Walker,114,0,2,0,1,0,23-28,19.5
Charles Washington,44,0,1,0,0,0,24-29,0
Carlos Watkins,132,1,6,0,3,1,24-29,5
T.J. Watt,333,6,37,0,7,0,23-28,77.5
Stephen Weatherly,107,0,1,0,0,0,22-27,8.5
Tre'Davious White,299,17,66,0,5,1,22-27,3
Jordan Willis,92,0,1,0,3,0,22-27,10.5
Marcus Williams,381,19,46,0,3,1,21-26,1
Eric Wilson,297,4,9,0,3,0,23-28,9
Jarrod Wilson,204,3,9,0,1,0,22-27,1
Deatrich Wise Jr.,231,0,8,0,1,1,23-28,24.5
Ahkello Witherspoon,152,8,35,0,1,1,22-27,0
Antwaun Woods,90,0,1,0,3,0,23-29,2.5
Xavier Woods,441,8,34,0,3,0,22-27,1
Zach Wood,5,0,0,0,0,0,24-29,0
Chris Wormley,142,0,10,0,1,0,24-29,11
Matthew Adams,81,0,0,0,1,0,23-27,0
Olasunkanmi Adeniyi,49,0,1,0,0,0,21-25,2.5
Jaire Alexander,244,10,58,2,3,0,21-25,1.5
Marcus Allen,57,0,0,0,0,0,22-26,0
Ryan Anderson,87,0,1,0,2,0,23-28,6
Troy Apke,69,1,4,0,1,0,23-27,0
Dorance Armstrong Jr.,131,0,3,1,4,1,21-25,16
Anthony Averett,114,3,23,0,0,0,24-28,0
Genard Avery,106,0,5,0,1,0,23-27,8.5
Jerome Baker,509,3,18,1,0,1,22-26,21
Jessie Bates III,479,14,43,0,2,1,21-25,0
Ja'Whaun Bentley,383,2,8,0,1,0,22-26,5.5
Andrew Billings,120,0,0,0,0,0,22-27,4.5
Chris Board,115,0,2,0,0,0,23-27,2.5
Tashawn Bower,23,0,1,0,0,0,22-27,2
Hunter Bradley,3,0,0,1,0,0,24-28,0
Taven Bryan,112,0,2,0,0,0,22-26,8.5
Oren Burks,130,0,1,0,1,0,23-27,1
Austin Calitro,102,0,2,0,0,0,24-28,1.5
Jermaine Carter Jr.,194,0,2,0,2,0,23-27,0.5
Lorenzo Carter,211,2,17,0,2,2,23-27,18.5
Sean Chandler,93,0,2,0,2,0,22-26,1
Bradley Chubb,183,1,5,0,1,0,22-26,28.5
Keion Crossen,118,0,10,0,1,0,22-26,1
Dane Cruikshank,66,1,2,0,0,1,23-27,0
Marcus Davenport,142,0,4,0,1,0,22-26,21.5
Carlton Davis,272,7,64,0,4,0,21-25,0
Jalen Davis,19,0,1,0,1,0,22-26,1
Terrell Edmunds,410,5,26,0,1,0,21-25,5
Tremaine Edmunds,565,5,35,0,0,0,20-24,6.5
Jordan Evans,127,2,7,0,1,0,22-26,3.5
Rashaan Evans,476,2,12,0,5,1,23-27,5
Brandon Facyson,143,1,20,0,2,0,24-28,0
Folorunso Fatukasi,139,0,6,0,1,0,23-27,4.5
Minkah Fitzpatrick,448,19,47,0,5,5,22-26,0
Tre Flowers,262,4,20,0,5,0,23-27,2
Mike Ford,70,0,4,0,0,0,23-27,0
Poona Ford,181,0,4,0,1,0,23-27,7.5
Zaire Franklin,261,1,9,0,1,0,22-26,3
Dennis Gardeck,88,1,1,0,3,1,24-28,8
Nathan Gerry,163,3,10,0,1,1,22-27,3.5
J.T. Gray,66,0,1,0,3,0,22-26,2.5
Rasheem Green,136,0,8,0,2,0,21-25,17
Grant Haley,94,1,6,0,0,0,22-26,1
Da'Shawn Hand,54,0,2,0,1,0,23-27,3
Davontae Harris,62,0,4,0,0,0,23-27,0
Demone Harris,11,0,1,0,0,0,23-27,0
Marcell Harris,167,1,9,0,3,0,24-28,1
Ronnie Harrison,223,5,23,0,2,1,21-25,5.5
Marquis Haynes,83,0,6,0,4,1,25-29,13
Tre Herndon,197,3,23,0,1,0,22-26,1
B.J. Hill,234,0,7,0,3,0,23-27,16
Jalyn Holmes,60,0,3,0,0,0,22-26,1
Sam Hubbard,299,0,14,0,3,1,23-27,30.5
Mike Hughes,178,3,20,5,4,2,21-25,0
Joel Iyiegbuniwe,31,0,1,0,0,0,23-27,0
Donte Jackson,244,14,41,0,1,1,23-27,1
J.C. Jackson,173,25,55,0,3,1,23-27,0
Josh Jackson,96,0,12,1,2,1,22-26,0
Josey Jewell,345,2,12,0,4,0,24-28,6
Alexander Johnson,252,1,8,0,2,0,27-31,4.5
Danny Johnson,79,1,13,0,0,0,23-27,1
Taron Johnson,352,4,31,0,1,1,22-26,6
Justin Jones,170,0,6,0,3,0,22-26,7.5
Arden Key,98,0,5,0,1,0,22-26,14
Harvey Langi,92,0,2,0,1,0,25-30,0
Carl Lawson,114,0,0,0,1,0,22-27,27
Dallin Leavitt,69,0,4,0,2,0,24-28,0
Cre'von LeBlanc,118,2,18,0,1,1,22-26,2
Shaquille Leonard,549,12,31,3,7,1,23-27,15
Tyquan Lewis,70,1,7,1,0,0,23-27,9.5
Frankie Luvu,213,1,7,0,3,1,22-26,14.5
Avonte Maddox,238,4,29,0,1,0,22-26,3
Jacob Martin,78,0,4,0,3,0,23-27,16
A.J. Moore,69,0,1,0,1,0,23-27,1
Nicholas Morrow,370,3,22,0,1,0,22-27,4
Emmanuel Moseley,162,4,33,0,1,1,22-26,0
Calvin Munson,87,0,0,0,0,0,23-28,2
Ryan Neal,160,3,16,0,0,0,23-27,2
Siran Neal,102,0,5,0,2,0,24-28,1
Bilal Nichols,190,1,5,0,4,0,22-26,12.5
Ben Niemann,237,0,3,0,6,0,23-27,2
Derrick Nnadi,193,1,1,0,0,0,22-26,4
Uchenna Nwosu,198,1,12,0,3,0,22-26,24.5
Efe Obada,86,1,6,0,2,0,26-30,15
Pat O'Connor,20,0,0,0,0,0,24-29,1.5
Ifeadi Odenigbo,90,0,0,0,3,1,24-28,14
George Odum,172,3,5,0,2,0,25-29,0
Isaiah Oliver,203,2,34,0,1,0,22-26,2
Foyesade Oluokun,646,5,16,1,3,0,23-27,7
Daron Payne,291,1,14,0,4,0,21-25,26
Kyle Peko,34,0,1,0,0,0,23-29,2
Taybor Pepper,2,0,0,0,0,0,23-28,0
Darius Philon,107,0,4,0,2,0,21-27,11.5
Darius Phillips,75,5,23,5,1,0,23-27,0
Harrison Phillips,166,0,4,0,4,0,22-26,3
Jeremy Reaves,102,1,5,0,0,0,22-26,1
Will Redmond,67,0,2,0,0,0,25-29,0
D.J. Reed,274,5,31,3,4,1,22-26,1
Justin Reid,398,7,30,0,3,1,21-25,3
Christian Ringo,42,0,0,0,1,0,24-30,1.5
Rashard Robinson,89,2,15,0,2,0,21-26,0
KeiVarae Russell,23,1,2,0,0,0,23-28,0
Tim Settle,73,0,1,0,2,0,21-25,8
Kevon Seymour,80,0,8,0,1,0,23-29,1
Nathan Shepherd,104,0,0,0,0,0,25-29,6
Zach Sieler,192,0,9,0,2,0,23-27,10
Tanzel Smart,29,0,1,0,0,0,23-28,0
Andre Smith,33,0,0,0,1,0,21-25,0
Roquan Smith,693,8,23,1,1,1,21-25,18.5
Tremon Smith,53,2,5,3,2,1,22-26,0
Robert Spillane,191,1,8,0,1,1,23-27,3
Taylor Stallworth,52,0,1,0,2,0,23-27,4.5
M.J. Stewart,178,2,13,0,2,0,23-27,1
Chandon Sullivan,169,5,23,0,1,1,22-26,0
Josh Sweat,153,1,8,0,0,1,21-25,28.5
Vincent Taylor,65,0,2,0,1,0,23-27,2
Tavierre Thomas,174,2,5,0,2,1,22-26,1
Josh Tupou,67,0,0,0,0,0,23-28,2
Kemoko Turay,34,0,0,0,1,0,23-27,12
Zeke Turner,63,0,0,0,0,0,22-26,0
Leighton Vander Esch,439,3,13,0,1,0,22-26,3.5
Vita Vea,137,0,6,0,2,1,23-27,18
Tracy Walker,339,3,21,0,0,0,23-27,3
Levi Wallace,267,10,43,0,1,0,23-27,0
Charvarius Ward,309,5,40,0,1,0,22-26,1
Denzel Ward,239,13,65,0,5,4,21-25,0.5
Fred Warner,634,4,35,0,6,1,22-26,6.5
Jordan Whitehead,381,7,33,0,2,0,21-25,2
Kyzir White,388,4,17,0,0,0,22-26,3
Darious Williams,183,6,43,0,2,1,25-29,0
Quincy Wilson,62,2,8,0,1,0,21-26,0
Isaac Yiadom,121,1,12,0,0,0,22-26,0.5
Kenny Young,196,1,4,0,3,1,24-28,5.5
Justin Zimmer,35,0,0,0,0,0,26-30,2
Johnathan Abram,267,3,14,0,2,0,23-26,0
Nasir Adderley,232,3,12,0,2,0,22-25,0.5
Dakota Allen,30,0,0,0,0,0,24-27,0
Zach Allen,138,1,15,0,3,1,22-25,11.5
Azeez Al-Shaair,199,2,7,0,3,0,22-25,2
Ugo Amadi,131,1,13,1,1,0,22-25,0
Abdullah Anderson,46,0,1,0,0,0,23-26,2
Cornell Armstrong,45,0,7,0,0,0,23-27,0
Corey Ballentine,51,0,2,0,0,0,23-26,0
Ben Banogu,29,0,1,0,0,0,23-26,2.5
Cody Barton,231,2,8,0,1,0,23-26,2
Vince Biegel,81,1,1,0,0,0,24-28,2.5
Marquise Blair,50,0,3,0,0,0,22-25,0
Nick Bosa,156,1,4,0,2,0,22-25,43
Kris Boyd,95,0,3,0,4,0,23-26,0
Andrew Brown,19,0,0,0,0,0,24-27,1
Tony Brown,65,0,6,0,0,0,23-27,1
Austin Bryant,65,0,1,0,0,0,23-26,4.5
Brandin Bryant,9,0,0,0,0,0,26-29,0
Isaiah Buggs,77,0,3,0,0,0,23-26,1
Sean Murphy-Bunting,188,6,21,0,1,1,22-25,1
Brian Burns,196,0,11,0,1,1,21-24,38
Devin Bush Jr.,286,2,13,0,5,1,21-24,4
Jamal Carter,26,0,2,0,0,0,23-27,0
Blake Cashman,75,0,3,0,2,0,23-26,3.5
Trevon Coley,100,0,2,1,2,0,23-26,3.5
L.J. Collier,40,0,5,0,0,0,24-27,3
John Cominsky,71,0,5,0,1,0,24-27,5.5
Ryan Connelly,30,2,2,0,0,0,24-27,1
Bryan Cox Jr.,31,0,0,0,1,0,23-26,0.5
Xavier Crawford,24,0,0,1,0,0,24-27,0
Maxx Crosby,231,0,16,0,2,0,22-25,37.5
Tae Davis,57,0,2,0,0,0,22-26,2
Jamel Dean,193,7,41,1,0,1,23-26,0
Dee Delaney,46,1,2,1,0,0,23-27,0
Matt Dickerson,27,0,0,0,0,0,23-27,0
Michael Dogbe,61,0,0,0,1,0,23-26,2
Mike Edwards,184,7,21,1,3,3,23-26,2
T.J. Edwards,389,2,13,0,2,0,23-26,5
Samuel Eguavoen,71,0,2,0,2,1,26-29,4
Daniel Ekuale,36,0,1,0,0,0,25-28,5
Corn Elder,48,0,4,0,0,0,24-27,0
DeShon Elliott,205,2,10,0,1,0,22-25,3.5
Kaden Elliss,101,0,2,0,1,0,24-27,8
Marcus Epps,209,3,15,0,0,0,23-26,0
Rashad Fenton,127,2,20,0,0,0,22-25,0
Clelin Ferrell,105,0,11,0,1,0,22-25,10
Sharif Finch,46,0,0,0,1,0,23-26,3.5
Kylie Fitts,15,0,0,0,0,0,24-27,0
John Franklin-Myers,102,1,4,0,3,0,22-26,16
Greg Gaines,122,0,0,0,1,0,23-26,10.5
C.J. Gardner-Johnson,228,11,36,0,1,0,22-25,4
Rashan Gary,135,0,2,0,4,0,22-25,22.5
Jake Gervase,8,0,0,0,0,0,24-27,0
Luke Gifford,40,0,0,0,1,0,24-27,0
Ulysees Gilbert,29,0,0,0,0,1,22-25,0
Joe Giles-Harris,26,0,0,0,0,0,22-25,1
Kevin Givens,57,0,2,0,1,0,22-25,3
Carl Granderson,103,0,1,0,1,0,23-26,14.5
Dre Greenlaw,326,3,10,0,2,2,22-25,2
Will Harris,228,1,12,0,1,0,24-27,1.5
Trysten Hill,39,0,0,0,0,0,21-24,1.5
Cole Holcomb,388,3,10,0,1,1,23-26,4.5
Justin Hollins,106,0,3,0,1,0,23-26,9.5
Amani Hooker,179,6,15,1,1,0,21-24,0
Maurice Hurst Jr.,78,1,7,0,2,0,23-26,8
Michael Jackson,78,1,14,1,2,1,22-25,0
Derwin James,372,7,25,0,0,0,22-26,9.5
Malik Jefferson,16,0,0,0,0,0,22-25,0
Darryl Johnson,34,0,0,0,0,0,22-25,2
Jaquan Johnson,58,2,2,0,0,0,24-27,0
Lonnie Johnson Jr.,183,3,13,0,0,0,24-27,0
Dre'Mont Jones,133,1,6,0,1,0,22-25,22
Sebastian Joseph-Day,193,1,5,0,1,0,24-27,8
Joshua Kalu,68,1,6,0,0,0,23-27,0
Jordan Kunaszyk,36,0,1,0,0,0,23-26,0
Chris Lammons,26,1,3,0,1,0,23-26,0
Tyler Lancaster,110,0,1,0,1,0,24-27,1.5
Harold Landry,256,2,8,0,2,0,22-25,31
Dexter Lawrence,213,0,8,0,0,0,22-25,16.5
Justin Layne,45,0,1,0,1,0,21-24,0
Jeremiah Ledbetter,18,0,0,0,0,0,23-28,1.5
David Long,77,1,7,0,0,0,21-24,0
David Long,230,4,14,0,0,0,23-26,0
Julian Love,291,5,18,0,2,0,21-24,1.5
Isaiah Mack,17,0,0,0,1,0,23-26,2.5
Raekwon McMillan,239,0,3,0,2,1,23-27,1
Bryan Mone,73,0,2,0,0,0,24-27,2
C.J. Moore,48,1,2,1,1,0,24-27,0
Tarvarius Moore,108,0,6,0,1,0,22-26,0
Trayvon Mullen,150,4,29,0,0,0,22-25,0
Byron Murphy,229,5,34,0,5,2,21-24,3
Nik Needham,192,6,25,0,1,1,23-26,3
Anthony Nelson,94,0,3,0,2,0,22-25,11.5
Parry Nickerson,28,0,1,0,0,0,24-27,0
Keisean Nixon,61,1,3,2,0,1,22-25,0
Bobby Okereke,420,3,17,1,5,0,23-26,2
Ogbonnia Okoronkwo,78,0,3,0,0,0,24-27,9.5
Ed Oliver,151,0,11,0,1,0,22-25,14.5
Charles Omenihu,67,0,6,0,0,0,22-25,11.5
Amani Oruwariye,173,9,24,0,2,0,23-26,0
Jonathan Owens,143,1,5,0,1,0,24-27,1
Kevin Peterson,47,2,9,1,2,0,23-27,0
Germaine Pratt,355,3,14,0,3,0,23-26,1.5
Taylor Rapp,330,9,23,0,3,1,22-25,1.5
Malik Reed,148,0,6,0,2,0,23-26,16
Troy Reeder,241,2,9,0,0,0,25-28,5
Anthony Rush,40,0,2,0,0,0,23-26,0.5
Khalen Saunders,81,0,2,0,0,0,23-26,4.5
Darnell Savage Jr.,251,9,31,0,2,1,22-25,1
Nick Scott,157,4,9,0,0,0,24-27,0
Deadrin Senat,51,0,0,0,1,0,24-28,1
Duke Shelley,84,1,12,0,0,0,23-26,0
Jeffery Simmons,189,0,19,0,3,0,22-25,21
Alex Singleton,425,2,8,0,3,2,26-29,2
E.J. Speed,110,0,3,0,0,2,24-27,1
Kentavius Street,71,0,1,0,0,0,23-26,6.5
Greg Stroman,46,2,5,1,1,0,22-26,0
Kevin Strong,49,0,3,0,0,0,23-26,1
Ty Summers,58,0,1,0,1,0,24-27,0
Montez Sweat,165,1,10,0,0,1,23-26,29
Teez Tabor,59,0,0,0,0,0,22-27,0
Sione Takitaki,203,1,1,0,1,1,24-27,2
Jahlani Tavai,199,1,4,0,2,0,23-26,3.5
Deionte Thompson,54,0,3,0,0,0,22-25,0
Jalen Thompson,307,5,19,0,2,0,21-24,0
Juan Thornhill,234,8,20,0,1,1,24-27,1
Jerry Tillery,116,0,2,0,1,0,23-26,10.5
Drue Tranquill,298,1,6,0,1,0,24-27,6.5
Shy Tuttle,143,1,14,0,1,0,24-27,4
Andrew Van Ginkel,181,1,13,0,2,2,24-27,11
Armani Watts,58,0,2,0,1,0,22-25,2
Armon Watts,125,0,1,0,0,0,23-26,8
Devin White,483,1,15,0,9,2,21-24,20.5
Christian Wilkins,290,1,17,2,4,2,24-27,11.5
DeShawn Williams,115,1,8,0,0,0,24-30,8
Quinnen Williams,191,0,11,0,2,0,22-25,27.5
Quincy Williams,275,0,7,0,0,0,23-26,5
Donovan Wilson,203,3,6,0,3,0,24-27,8.5
Mack Wilson,199,1,10,0,0,0,21-24,2.5
Andrew Wingard,205,4,7,0,1,0,23-26,2
Chase Winovich,105,1,3,0,0,1,24-27,12
Josh Woods,61,0,0,0,1,0,23-26,0
Oshane Ximines,67,0,6,1,1,0,23-26,6.5
Rock Ya-Sin,183,2,27,0,2,0,23-26,0
Tavon Young,127,4,16,0,3,2,22-27,4
Grayland Arnold,15,0,1,0,0,0,23-25,0
Joe Bachie,42,0,1,0,0,0,22-24,0
Markus Bailey,63,0,4,0,0,0,23-25,0.5
Krys Barnes,190,0,4,0,2,0,22-24,3
Essang Bassey,39,1,4,0,1,0,22-24,0
Zack Baun,58,0,0,0,0,0,24-26,0
Julian Blackmon,126,3,9,0,1,1,22-24,1
Ross Blacklock,38,0,2,0,0,0,22-24,3
Jacob Bobenmoyer,11,0,0,0,1,0,23-25,0
Shaun Bradley,45,0,1,0,0,0,23-25,0
Jordyn Brooks,402,0,12,0,2,0,23-25,2
Cam Brown,27,0,0,0,0,0,22-24,0
Derrick Brown,142,1,15,0,0,0,22-24,6
Myles Bryant,123,3,10,1,1,0,22-24,1
Terrell Burgess,29,0,1,0,0,0,22-24,0
Elijah Campbell,14,0,1,0,0,0,25-27,0
Tevaughn Campbell,65,1,7,0,1,2,27-29,0
K'Lavon Chaisson,60,0,1,0,0,0,21-23,3
Anthony Chesley,9,0,0,0,1,0,24-26,0
Jeremy Chinn,294,2,16,0,3,2,22-24,3
Cole Christiansen,4,0,0,0,0,0,23-25,0
Chris Claybrooks,81,0,5,1,1,0,23-25,0
Kameron Cline,3,0,0,0,0,0,22-24,0
Marquise Copeland,42,0,0,0,0,0,23-25,1
Carter Coughlin,32,0,0,0,1,0,23-25,1
Byron Cowart,41,0,1,0,0,0,23-26,1
Tae Crowder,232,2,8,1,1,1,23-25,2
Kamren Curl,270,3,9,0,1,1,21-23,4
Michael Danna,78,0,1,0,0,0,23-25,10.5
Cameron Dantzler,149,3,17,0,2,0,22-24,0
Akeem Davis-Gaither,105,1,7,0,1,0,23-25,0.5
Ashtyn Davis,103,3,5,0,1,0,24-26,0.5
Carlos Davis,12,0,0,0,0,0,24-26,1
Raekwon Davis,101,0,0,0,0,0,23-25,1.5
Trevon Diggs,169,17,49,0,1,2,22-24,1
Shaun Dion Hamilton,97,1,2,0,1,0,23-25,2.5
Tyrel Dodson,69,0,2,0,1,0,22-24,2
Andrew Dowell,22,0,0,0,0,0,24-26,0
Kyle Dugger,234,7,13,0,2,3,24-26,1
Troy Dye,63,0,2,0,1,0,24-26,0
Jordan Elliott,77,0,3,0,0,0,23-25,2.5
A.J. Epenesa,44,0,7,0,1,0,22-24,9
Justin Evans,154,4,10,0,1,1,22-27,0
Breiden Fehoko,36,0,0,0,0,0,24-26,0
Blake Ferguson,7,0,0,0,1,0,23-25,0
Demetrius Flannigan-Fowles,60,0,0,0,0,0,24-26,1
Leki Fotu,61,0,3,0,1,0,22-24,1
Sam Franklin,67,0,2,0,0,0,24-26,1
Jordan Fuller,185,4,9,0,0,0,22-24,0
Kristian Fulton,104,4,20,0,1,0,22-24,1
Tipa Galeai,16,0,0,0,0,0,23-25,1
Neville Gallimore,74,0,2,0,0,0,23-25,3
Jonathan Garvin,32,0,2,0,0,0,21-23,1.5
Willie Gay Jr.,175,3,15,0,1,1,22-24,4
Joe Gaziano,22,0,1,0,0,0,24-26,1
Alohi Gilman,107,2,4,0,2,0,23-25,0
Trevis Gipson,75,0,5,0,1,0,23-25,10
A.J. Green,39,2,7,0,2,0,22-24,0
Jonathan Greenard,68,1,6,0,1,1,23-25,10.5
Yetur Gross-Matos,106,0,1,1,4,0,22-24,8.5
Javelin Guidry,70,0,3,0,0,0,22-24,0
Porter Gustin,52,0,0,0,2,0,22-24,1
Bryce Hall,115,1,19,0,0,0,23-25,0.5
Tyler Hall,26,0,4,0,0,0,22-24,1
DaVon Hamilton,132,0,4,0,3,0,23-25,4.5
Harrison Hand,34,1,4,0,0,0,22-24,0
Chase Hansen,10,0,0,0,0,0,27-29,0
Darius Harris,58,0,2,0,2,0,24-26,1.5
De'Jon Harris,4,0,0,0,0,0,23-25,1
Jonathan Harris,38,0,0,0,0,0,23-26,0
Malik Harrison,100,0,1,0,0,0,22-24,0
Trent Harris,34,0,0,0,0,0,24-26,2
Myles Hartsfield,118,0,7,0,2,0,23-25,1
Jaylinn Hawkins,121,4,9,0,1,1,23-25,0.5
Tae Hayes,16,0,2,0,1,0,22-25,0
Bruce Hector,7,0,0,0,0,0,24-27,0.5
C.J. Henderson,133,3,14,0,1,0,22-24,0
Alex Highsmith,185,1,2,0,0,0,23-25,22.5
Darnay Holmes,97,2,15,0,1,0,22-24,0.5
Travin Howard,44,1,6,0,0,0,23-26,0
Khaleke Hudson,34,0,0,0,0,0,23-25,0
Bryce Huff,36,0,2,0,0,0,22-24,7.5
Albert Huggins,19,0,0,0,0,0,22-24,0
Juju Hughes,26,0,0,0,0,0,22-24,1
Noah Igbinoghene,29,1,5,0,2,0,21-23,0
Godwin Igwebuike,9,0,0,2,0,1,24-27,0
Chris Jackson,59,0,5,0,0,0,22-24,0
Dane Jackson,113,3,23,0,1,0,24-26,0
Craig James,17,0,1,0,1,0,22-24,0
Clay Johnston,36,0,0,0,0,0,24-26,0
Jaylon Johnson,125,1,31,0,1,0,21-23,0
Brandon Jones,190,1,5,1,2,0,22-24,8
Keandre Jones,4,0,0,0,0,0,23-25,0
Khalid Kareem,29,0,0,0,1,0,22-24,1
Javon Kinlaw,45,1,4,0,0,1,23-25,1.5
Micah Kiser,100,0,3,0,0,0,23-26,0
Rashard Lawrence,30,0,0,0,0,0,22-24,0
Jonathan Ledbetter,26,0,0,0,0,0,22-25,1.5
Cameron Lewis,34,0,1,0,0,0,23-25,0
Terrell Lewis,40,1,3,0,0,0,22-24,6
P.J. Locke,31,0,1,0,0,0,23-25,0
Mike Love,7,0,0,0,0,0,24-28,0
James Lynch,53,0,0,0,1,0,21-23,2
Justin Madubuike,97,0,5,0,0,0,23-25,8.5
Ross Matiscik,8,0,0,0,0,0,24-26,0
Xavier McKinney,163,6,16,0,0,1,21-23,1
Josh Metellus,64,1,6,0,2,0,22-24,0
Herb Miller,11,1,1,0,1,0,23-25,0
Jovante Moffatt,10,0,0,0,0,0,24-26,0
Henry Mondeaux,37,0,0,0,1,0,25-27,2
Nick Moore,8,0,0,0,0,0,28-30,0
Larrell Murchison,21,0,0,0,0,0,23-25,2
Kenneth Murray,214,1,6,0,0,0,22-24,2
Michael Ojemudia,73,0,8,0,0,0,23-25,0
Jeff Okudah,124,2,10,0,0,1,21-23,0
Julian Okwara,47,1,2,0,1,0,23-25,7
Matthew Orzech,3,0,0,0,0,0,24-27,0
Steven Parker,34,2,5,0,0,0,24-26,0
Del'Shawn Phillips,36,0,0,0,1,0,24-26,1
Jacob Phillips,88,0,5,0,0,0,21-23,3
James Pierre,86,2,8,1,1,0,24-26,0
Anthony Pittman,24,0,1,0,0,0,23-26,0
Benning Potoa'e,5,0,0,0,0,0,24-26,0
Bobby Price,23,0,3,0,0,0,22-24,0
Shaquille Quarterman,52,0,0,0,0,0,23-25,0
Patrick Queen,321,3,9,0,5,1,21-23,10
Wyatt Ray,20,0,0,0,0,0,24-26,2
John Reid,30,0,3,0,0,0,24-26,0
Elijah Riley,50,0,1,0,0,0,22-24,1
Derek Rivers,16,0,0,0,0,0,24-27,3.5
Malcolm Roach,52,1,1,0,0,0,22-24,1
Amik Robertson,61,2,9,0,1,1,22-24,1
Derick Roberson,26,0,1,0,0,0,24-26,4.5
Isaiah Rodgers,90,3,10,2,4,1,22-24,0
Bravvion Roy,76,1,5,0,0,0,24-26,1
Josiah Scott,49,2,8,0,0,0,21-23,1
Isaiah Simmons,258,4,16,0,2,1,22-24,7.5
James Smith-Williams,63,0,2,0,0,0,23-25,6
Saivion Smith,5,0,0,0,0,0,23-25,0
L'Jarius Sneed,225,8,26,0,2,0,23-25,6.5
Geno Stone,59,1,2,0,1,0,21-23,0
Teair Tart,55,1,7,0,1,0,23-25,1.5
Roderic Teamer,98,1,3,0,0,0,22-25,1
AJ Terrell,202,4,32,1,1,0,22-24,1
Daniel Thomas,53,1,2,0,0,1,22-24,0
Stantley Thomas-Oliver,17,0,0,0,0,0,22-24,0
Casey Toohill,54,0,1,0,2,1,24-26,2
Derrek Tuszka,40,0,0,0,0,0,24-26,2
Josh Uche,48,0,0,0,1,0,22-24,15.5
Kendal Vickers,20,0,0,0,0,0,25-27,2
Kindle Vildor,97,1,10,0,0,0,23-25,1
Mykal Walker,187,3,11,0,1,1,23-25,1
K'Von Wallace,64,0,2,0,1,0,23-25,0
Broderick Washington Jr.,67,0,6,0,0,0,24-26,2
Kristian Welch,21,0,0,0,0,0,22-24,0
Tershawn Wharton,64,1,1,1,1,0,22-24,5
Jace Whittaker,31,0,3,0,0,0,25-27,0
Greedy Williams,99,2,12,0,0,0,22-25,0
Jarren Williams,19,0,1,0,0,0,23-25,0
Joejuan Williams,44,0,8,0,0,0,22-24,0
Logan Wilson,256,7,11,1,0,0,24-26,4.5
Antoine Winfield Jr.,262,4,15,0,4,0,22-24,9
D.J. Wonnum,109,0,5,0,0,0,23-25,15
Renell Wren,9,0,0,0,0,0,24-27,0
Chase Young,75,0,7,0,3,1,21-23,9
Jabari Zuniga,10,0,0,0,0,0,23-25,1
Myles Adams,21,0,1,0,0,0,23-24,0
Paulson Adebo,126,3,15,0,0,0,22-23,0
McTelvin Agim,12,0,2,0,0,0,23-24,1.5
Bradlee Anae,2,0,0,0,0,0,22-23,0
Zayne Anderson,1,0,0,0,0,0,24-25,0
Eric Banks,2,0,0,0,0,0,23-24,0
Christian Barmore,69,0,3,0,0,0,22-23,4
Derrick Barnes,114,0,3,0,0,0,22-23,3
Boogie Basham,37,1,2,0,1,0,24-25,4.5
Quinton Bell,3,0,0,0,0,0,24-26,0
Amani Bledsoe,18,0,3,0,0,0,22-23,0
Quinton Bohanna,29,0,0,0,0,0,22-23,0
Curtis Bolton,8,0,0,0,0,0,26-27,0
Nick Bolton,292,2,6,0,1,1,21-22,2
Dicaprio Bootle,11,0,0,0,0,0,24-25,0
William Bradley-King,7,0,0,0,0,0,24-25,0.5
Brady Breeze,6,0,0,0,0,0,24-25,0
K.J. Britt,25,0,1,0,0,0,23-24,0
Josiah Bronson,12,0,0,0,0,0,24-25,0
Baron Browning,82,1,4,1,1,0,22-23,5
Bobby Brown,9,0,0,0,0,0,21-22,0
Kyron Brown,5,0,0,0,0,0,23-25,0
Tre Brown,14,0,1,0,0,0,24-25,0
Camryn Bynum,109,3,9,0,2,0,23-24,1
Tyson Campbell,143,5,25,0,2,1,21-22,0
Andre Chachere,20,0,0,0,0,0,25-26,0
Camaron Cheeseman,1,0,0,0,0,0,23-24,0
Andre Cisco,99,3,12,0,0,1,21-22,1
Zaven Collins,125,1,9,0,0,1,22-23,2
Jonathon Cooper,86,0,0,0,1,0,23-24,4.5
Jabril Cox,8,0,0,0,0,0,23-24,0
Tyler Coyle,8,0,0,0,0,0,23-24,0
Jamin Davis,180,0,2,0,2,0,23-24,4
Marlon Davidson,29,1,2,0,1,1,22-23,1
Duke Dawson,27,0,2,0,1,0,24-25,0
Divine Deablo,119,0,2,0,1,0,23-24,0
Grant Delpit,171,5,13,0,0,0,23-24,1
Victor Dimukeje,20,0,0,0,0,0,22-23,0
Myles Dorn,5,0,0,0,0,0,23-24,0
Isaiah Dunn,10,0,2,0,0,0,22-23,0
Michael Dwumfour,13,0,0,0,1,0,23-24,0.5
Brandin Echols,71,2,11,0,0,1,24-25,0
Milo Eifler,4,0,0,0,0,0,23-24,0
Emmanuel Ellerbee,1,0,0,0,0,0,22-25,0
Christian Elliss,14,0,0,0,0,0,22-23,0
Caleb Farley,14,0,1,0,0,0,23-24,0
Tony Fields,52,1,1,0,1,1,22-23,0
Darrick Forrest,95,4,9,0,1,0,22-23,0
Innis Gaines,7,0,0,0,0,0,23-24,0
Cam Gill,17,0,0,0,0,0,23-24,1.5
Tyree Gillespie,8,0,0,0,0,0,23-24,0
Chauncey Golston,54,0,2,0,1,1,23-24,2
Tay Gowan,2,0,0,0,0,0,23-24,0
Ta'Quon Graham,49,0,0,1,1,0,23-24,0
Thomas Graham,19,0,4,0,0,0,22-23,0
Richie Grant,158,2,9,0,2,0,24-25,0
Jonas Griffith,92,1,1,0,1,0,24-25,0
Darren Hall,72,0,6,0,1,0,21-22,1
Kemon Hall,8,0,0,0,1,0,24-25,0
Ladarius Hamilton,4,0,0,0,0,0,23-24,0
Damar Hamlin,93,0,4,0,0,0,23-24,1.5
Madre Harper,5,0,0,0,1,0,23-24,0
Jack Heflin,1,0,0,0,0,0,23-24,0
Nate Hobbs,146,1,7,0,1,0,22-23,2
Michael Hoecht,43,0,0,0,0,0,24-25,4.5
Jevon Holland,165,4,17,3,3,0,21-22,4
Jaycee Horn,58,4,8,0,0,0,22-23,0
Phil Hoskins,6,0,0,0,0,0,24-25,1
Braxton Hoyett,4,0,0,0,0,0,24-25,0
Talanoa Hufanga,129,4,11,0,0,1,22-23,2
Tarron Jackson,18,0,0,0,0,0,23-24,1
Jerry Jacobs,76,1,15,1,1,0,24-25,1
Michael Jacquet,18,0,3,0,0,0,23-24,1
Shemar Jean-Charles,11,0,0,0,0,0,23-24,0
Anfernee Jennings,47,0,2,0,0,0,23-25,1.5
Caleb Johnson,24,0,0,0,1,0,23-24,0
Patrick Johnson,28,0,0,0,1,0,23-24,0
Benito Jones,18,0,2,0,0,0,23-25,1.5
Ernest Jones,175,3,6,0,0,0,22-23,1
Jamir Jones,20,0,1,0,0,0,23-24,0
Naquan Jones,45,0,2,0,0,0,23-24,3.5
Patrick Jones II,34,0,0,0,0,0,23-24,4
Kelvin Joseph,36,0,4,0,1,0,21-22,0
Sam Kamara,10,0,1,0,0,0,24-25,0
Malcolm Koonce,12,0,0,0,0,0,23-24,2
Christian Kuntz,3,0,0,0,0,0,27-28,0
Richard LeCounte,3,0,0,0,0,0,23-24,0
Deommodore Lenoir,96,1,7,0,0,0,22-23,1
Roy Lopez,67,0,1,0,1,0,24-25,2
Isaiahh Loudermilk,30,0,3,0,0,0,24-25,1
Kamal Martin,26,0,0,0,0,0,22-23,1
Nick McCloud,43,0,7,0,0,0,23-24,1.5
Isaiah McDuffie,45,0,0,0,1,0,22-23,0
Kahlil McKenzie,12,0,0,0,0,0,23-24,0
Alim McNeill,80,0,1,0,0,0,21-22,3
Zech McPhearson,30,0,2,0,0,0,23-24,1
Ifeatu Melifonwu,29,0,5,0,2,0,22-23,0.5
David Moa,5,0,0,0,0,0,25-26,0
Tre'von Moehrig,110,1,11,0,0,0,22-23,0
Elijah Molden,67,1,4,0,1,1,22-23,0
Israel Mukuamu,17,1,1,0,0,0,22-23,0
Tanner Muse,20,0,1,0,0,0,25-26,0
Hamsah Nasirildeen,14,0,0,0,0,0,22-23,0
Greg Newsome II,79,0,15,0,0,0,21-22,0.5
Nick Niemann,25,1,1,0,0,0,24-25,0
Daviyon Nixon,15,0,0,0,0,0,23-24,0.5
Tre Norwood,61,1,4,0,0,0,22-23,0
Dayo Odeyingbo,37,0,0,0,0,0,22-23,5.5
Osa Odighizuwa,79,0,0,0,0,0,23-24,6
Chris Odom,16,0,0,0,0,0,23-25,2
Amen Ogbongbemiga,32,0,0,0,0,0,23-24,1
Adetokunbo Ogundeji,75,0,1,0,1,0,23-24,3
Azeez Ojulari,63,0,3,0,1,0,21-22,13.5
Odafe Oweh,76,0,1,0,3,0,23-24,8
Jeremiah Owusu-Koramoah,146,0,8,0,0,0,22-23,1.5
AJ Parker,61,1,7,0,0,0,23-24,0
Micah Parsons,149,0,6,0,3,1,22-23,26.5
Aaron Patrick,11,0,0,0,0,0,25-26,0
Kwity Paye,77,0,1,0,3,0,23-24,10
Jaelan Phillips,103,0,3,0,3,0,22-23,15.5
Jason Pinnock,57,0,4,1,1,0,22-23,1.5
J.R. Reed,15,0,0,0,0,0,24-25,0
Jon Rhattigan,15,0,0,0,1,0,22-23,0
Monty Rice,102,0,2,0,0,0,22-23,0
Aaron Robinson,32,0,4,0,0,0,24-25,0
Alton Robinson,44,0,1,0,0,0,22-23,5
Curtis Robinson,6,0,0,0,0,0,23-24,0
Quincy Roche,40,0,0,0,0,0,23-24,2.5
Robert Rochell,19,1,4,0,2,0,23-24,0
Gregory Rousseau,87,1,8,0,0,0,21-22,12
Christian Rozeboom,11,0,0,0,0,0,24-25,0
Chris Rumph,34,0,1,0,0,0,23-24,3
Chapelle Russell,18,0,0,0,0,0,23-24,0
Cameron Sample,39,0,0,0,0,0,22-23,3.5
Asante Samuel Jr.,100,4,22,0,1,0,22-23,0
Tegray Scales,0,0,0,0,0,0,24-25,0
Delontae Scott,0,0,0,0,0,0,24-25,0
Vernon Scott,14,0,0,0,0,0,23-24,1
Tyler Shelvin,4,0,0,0,0,0,23-24,0
Jamien Sherwood,31,0,0,0,0,0,21-22,0.5
Tedarrell Slaton,54,0,2,0,0,0,24-25,1
Elerson Smith,11,0,0,0,0,0,23-24,0
T.J. Smith,7,0,0,0,0,0,24-25,0
Brandon Stephens,115,0,11,0,0,0,24-25,0.5
Caden Sterns,49,4,9,0,0,0,22-23,2
Benjamin St-Juste,68,0,10,0,0,0,24-25,2
Eric Stokes,81,1,14,0,0,0,22-23,0
Justin Strnad,41,0,0,0,0,0,25-26,0
Grant Stuard,26,0,0,0,0,0,23-24,0
Chazz Surratt,1,0,0,0,0,0,24-25,0
Patrick Surtain II,118,6,24,0,0,1,21-22,0
Darrell Taylor,63,0,2,0,1,0,24-25,16
Davion Taylor,51,0,0,0,0,0,22-23,0
Keith Taylor,67,0,6,1,2,0,23-24,0
Ambry Thomas,36,1,5,0,0,0,22-23,0
Bryce Thompson,2,0,0,0,0,0,22-23,0
Josh Thomas,5,0,0,0,0,0,24-26,0
Tommy Togiai,29,0,2,0,1,0,22-23,1
Shaka Toney,16,0,0,0,0,0,23-24,1.5
Khyiris Tonga,52,0,4,0,1,0,25-26,0.5
Joe Tryon-Shoyinka,69,0,5,0,0,0,22-23,8
Jay Tufele,18,0,0,0,0,0,22-23,0
Marlon Tuipulotu,21,0,0,0,1,0,22-23,1
Payton Turner,28,0,0,0,0,0,23-24,3
Shaun Wade,3,0,0,0,0,0,23-24,0
Garret Wallow,36,0,1,0,0,0,22-23,1
Ar'Darius Washington,3,0,0,0,0,0,22-23,0
Rashad Weaver,29,0,6,0,1,0,24-25,5.5
Pete Werner,142,0,3,0,0,0,22-23,0
Javin White,4,0,0,0,0,0,23-24,0
Rachad Wildgoose,19,0,3,0,0,0,21-22,0
Chris Williams,6,0,0,0,0,0,23-24,0
Jonah Williams,28,0,0,0,0,0,26-27,0.5
Milton Williams,66,0,4,0,0,0,22-23,6
Rodarius Williams,16,1,2,0,0,0,25-26,0
Marco Wilson,106,3,14,0,0,1,22-23,0
Marvin Wilson,7,0,0,0,0,0,23-24,0
Daniel Wise,11,0,0,0,0,0,25-26,0
Nahshon Wright,32,1,4,1,0,1,23-24,0
Micah Abernathy,1,0,0,0,0,0,25,0
Tony Adams,17,0,0,0,0,0,23,0
Tucker Addington,0,0,0,0,0,0,25,0
Cal Adomitis,2,0,0,0,0,0,24,0
DeAundre Alford,25,1,7,0,0,0,25,0.5
Ryder Anderson,8,0,0,0,0,0,24,2
Troy Andersen,69,0,1,0,0,0,23,0
Jalyn Armour-Davis,6,0,1,0,0,0,23,0
Brian Asamoah,17,0,0,0,1,0,22,0
Tre Avery,29,0,9,0,1,0,25,0
David Bada,2,0,0,0,0,0,27,0
Darrell Baker,0,0,0,0,1,0,24,0
Amare Barno,9,0,0,0,0,0,23,2
Kalon Barnes,0,0,0,0,0,0,24,0
D'Anthony Bell,14,0,0,0,0,0,26,0
Markquese Bell,1,0,0,0,0,0,23,0
Dane Belton,31,2,3,0,2,0,22,0
Christian Benford,24,1,5,0,0,0,22,0
Terrel Bernard,22,0,0,0,0,0,23,0
Josh Blackwell,23,0,0,0,1,0,23,0
DaRon Bland,54,5,7,0,0,0,23,0
Reed Blankenship,34,1,2,0,0,0,23,0
Joshuah Bledsoe,1,0,0,0,0,0,24,0
Joey Blount,8,0,0,0,1,0,24,0
Nik Bonitto,14,0,0,0,0,0,23,1.5
Thomas Booker,15,0,1,0,0,0,23,0.5
Andrew Booth,12,0,0,0,0,0,22,0
Jordan Brailford,2,0,0,0,1,0,25,0
C.J. Brewer,2,0,0,0,0,0,25,0
Jaquan Brisker,104,1,2,0,1,0,23,4
Earnest Brown IV,9,0,0,0,0,0,23,0
Mike Brown,1,0,0,0,0,0,23,0
Montaric Brown,6,0,0,0,0,0,23,0
Coby Bryant,70,0,4,0,0,0,23,2
Darien Butler,11,0,0,0,0,0,22,0
Matthew Butler,5,0,0,0,0,0,23,0.5
Percy Butler,11,0,1,0,1,0,22,0
Tariq Carpenter,8,0,0,0,0,0,24,0
T.J. Carter,1,0,0,0,0,0,23,0
T.J. Carter,0,0,0,0,0,0,24,0
Zachary Carter,23,0,1,0,0,0,23,0.5
Tariq Castro-Fields,0,0,0,0,0,0,23,0
Leo Chenal,35,0,0,0,0,0,22,1
Lewis Cine,0,0,0,0,0,0,23,0
Damone Clark,47,0,0,0,0,0,22,0
Micheal Clemons,36,0,0,0,0,0,25,2.5
Jack Cochrane,9,0,0,0,0,0,23,0
Jack Coco,1,0,0,0,0,0,24,0
Bryan Cook,33,0,2,0,0,0,23,1
Nick Cross,17,0,0,1,1,0,21,0
Jalen Dalton,13,0,0,0,0,0,25,0
D.J. Davidson,4,0,0,0,0,0,25,0
Domenique Davis,3,0,0,0,0,0,26,0
Jordan Davis,18,0,1,0,0,0,22,0
Shawn Davis,1,0,0,0,0,0,23,0
Nakobe Dean,13,0,0,0,0,0,22,0
Trevor Denbow,0,0,0,0,0,0,24,0
De'Shaan Dixon,1,0,0,0,0,0,24,0
JoJo Domann,8,0,0,0,0,1,25,0
Cobie Durant,22,3,5,0,0,1,24,1
Arnold Ebiketie,30,0,2,0,0,0,23,2.5
Kaiir Elam,41,2,4,0,0,0,21,0
Martin Emerson,63,0,15,0,0,0,22,1
Prince Emili,3,0,1,0,0,0,24,0
Kingsley Enagbare,31,0,3,0,0,0,22,3
Akayleb Evans,23,0,2,0,0,0,23,0
Neil Farrell,12,0,0,0,0,0,24,0
Olakunle Fatukasi,6,0,0,0,0,0,23,0
DaMarcus Fields,0,0,0,0,0,0,24,0
Cordale Flott,26,0,2,0,0,0,21,0
Dallis Flowers,14,0,0,2,1,0,25,0
Tomon Fox,24,0,0,0,0,0,24,1
Mitchell Fraboni,5,0,0,0,0,0,26,0
Jacobi Francis,1,0,0,0,0,0,24,0
Elijah Garcia,1,0,0,0,0,0,24,0
Don Gardner,0,0,0,0,0,0,25,0
Sauce Gardner,75,2,20,0,0,0,22,0
DeMarquis Gates,1,0,0,0,0,0,26,0
Allan George,2,0,0,0,0,0,23,0
Jack Gibbens,28,1,1,0,0,0,24,0
Mark Gilbert,3,0,1,0,0,0,24,0
Zyon Gilbert,14,0,0,0,0,0,23,1
Kyler Gordon,71,3,6,0,1,0,23,0
Gerri Green,0,0,0,0,0,0,27,0
Jeff Gunter,1,0,0,0,0,0,23,0
Logan Hall,12,0,0,0,0,0,22,2.5
Kyle Hamilton,62,0,5,0,0,0,21,2
Jake Hansen,25,0,0,0,1,0,24,1
Daniel Hardy,4,0,0,0,0,0,24,0
Devin Harper,0,0,0,0,0,0,24,0
Christian Harris,74,1,5,0,0,0,21,1
Daelin Hayes,0,0,0,0,0,0,23,0
Matt Henningsen,21,0,0,0,0,0,23,1
Malik Herring,6,0,0,0,1,0,25,0
Gavin Heslop,1,0,0,0,0,0,24,0
Elijah Hicks,28,0,0,0,1,0,23,0
Faion Hicks,0,0,0,0,0,0,25,0
Daxton Hill,16,0,0,0,0,0,22,0
Justin Hilliard,0,0,0,0,0,0,24,0
Kurt Hinish,23,0,0,0,0,0,23,1
Christopher Hinton,3,0,0,0,0,0,22,0
Christian Holmes,12,0,0,0,2,0,25,0
Timmy Horne,27,0,1,0,0,0,25,0
James Houston,12,0,0,0,1,0,24,8
Jake Hummel,4,0,0,0,0,0,23,0
Aidan Hutchinson,52,3,3,0,2,0,22,9.5
Ja'Marcus Ingram,3,0,0,0,0,0,25,0
Drake Jackson,14,1,8,0,0,0,21,3
Storey Jackson,0,0,0,0,0,0,24,0
Theo Jackson,9,0,0,0,1,0,24,0
Donovan Jeter,1,0,0,0,0,0,24,0
Josh Jobe,1,0,0,0,0,0,24,0
Buddy Johnson,2,0,0,0,0,0,22,0
Eric Johnson,3,0,0,0,1,0,24,0
Jermaine Johnson II,29,0,0,0,0,0,23,2.5
Kyron Johnson,8,0,0,0,0,0,24,0
Nazeeh Johnson,8,0,0,0,0,0,24,0
Raymond Johnson,4,0,0,0,0,0,23,1
Shaun Jolly,0,0,0,0,0,0,24,0
Kingsley Jonathan,5,0,0,0,0,0,24,0
Jack Jones,30,2,6,0,1,1,25,0
Jaylon Jones,47,0,2,0,0,0,25,0
Kobe Jones,0,0,0,0,0,0,24,0
Marcus Jones,39,2,7,1,1,3,24,0
Manny Jones,6,0,0,0,0,0,23,0
Travis Jones,24,0,1,0,0,0,23,1
Vi Jones,0,0,0,0,0,0,24,0
Kerby Joseph,82,4,8,0,1,0,22,0
Michael Joseph,0,0,0,0,0,0,26,0
Gregory Junior,6,0,0,0,0,0,23,0
Joshua Kaindoh,0,0,0,0,0,0,23,0
Azur Kamara,3,0,0,0,0,0,25,0
George Karlaftis III,33,0,7,0,2,0,21,6
Derion Kendrick,43,0,4,0,0,0,22,0
Kader Kohou,72,1,10,0,0,0,24,0
Jonathan Kongbo,1,0,0,0,0,0,26,0
William Kwenkeu,2,0,0,0,0,0,25,0
Quentin Lake,10,0,1,0,0,0,23,1
Niko Lalos,6,1,1,0,1,0,23,0
Nathan Landman,1,0,0,0,0,0,24,0
Raheem Layne,2,0,0,0,0,0,23,0
DeMarvin Leal,14,0,3,0,0,0,22,0
Deane Leonard,5,0,0,0,1,0,23,0
Devin Lloyd,115,3,8,0,2,0,24,0
Chase Lucas,3,0,0,0,0,0,25,0
Jesse Luketa,3,0,0,0,0,0,23,0
Boye Mafe,41,0,0,0,0,0,24,3
DeAngelo Malone,29,0,0,0,0,0,23,1
Jonathan Marshall,2,0,0,0,0,0,24,0
Luke Masterson,59,0,0,0,0,0,24,0
Damarri Mathis,65,0,7,0,0,0,23,0
Phidarian Mathis,0,0,0,0,0,0,24,0
Christian Matthew,19,0,3,0,0,0,26,0
Mac McCain,3,0,0,0,0,0,23,0
Marquan McCall,15,0,0,0,0,0,23,0
Zyon McCollum,24,0,1,0,0,0,23,0
Roger McCreary,84,1,8,0,0,0,22,0
Liam McCullough,3,0,0,0,0,0,25,0
Trent McDuffie,44,0,7,0,0,0,22,1
Micah McFadden,59,0,0,0,0,0,22,2
Cameron McGrone,1,0,0,0,0,0,22,0
Verone McKinley,16,1,1,0,0,0,22,0
Ja'Quan McMillian,7,0,0,0,0,0,22,0
Forrest Merrill,4,0,0,0,0,0,25,0
DaMarcus Mitchell,8,0,0,0,0,0,24,0
Arron Mosby,1,0,0,0,0,0,23,0
Quandre Mosely,0,0,0,0,0,0,23,0
Chad Muma,47,0,1,0,0,0,23,1.5
Rayshad Nichols,4,0,0,0,0,0,23,0
Otito Ogbonnia,14,0,0,0,0,0,21,0
David Ojabo,1,0,0,0,0,0,22,1
Sam Okuayinonu,11,0,0,0,0,0,24,0.5
Segun Olubi,1,0,0,0,0,0,23,0
Josh Onujiogu,3,0,0,0,0,0,24,0
Levi Onwuzurike,35,0,2,0,0,0,23,1
Joseph Ossai,17,0,1,0,2,1,22,3.5
Esezi Otomewo,5,0,0,0,0,0,23,0
Josh Paschal,16,0,0,0,0,0,23,2
Jayden Peevy,0,0,0,0,0,0,23,0
Roderick Perry,2,0,0,0,0,0,25,0
Jalen Pitre,147,5,8,1,1,0,23,1
Isaiah Pola-Mao,20,0,0,0,0,0,23,1
Hamilcar Rashed Jr.,1,0,0,0,0,0,23,0
Forrest Rhyne,1,0,0,0,0,0,23,0
John Ridgeway,24,0,1,0,0,0,23,0
Sam Roberts,2,0,0,0,0,0,24,0
Dominique Robinson,30,0,2,0,0,0,24,1.5
Mark Robinson,9,0,0,0,0,0,23,0
Malcolm Rodriguez,87,0,2,0,1,0,23,1
Josh Ross,2,0,0,0,0,0,23,0
Bunmi Rotimi,10,0,0,0,0,0,26,1
J.J. Russell,6,0,0,0,0,0,24,0
Jack Sanborn,64,0,0,0,1,0,22,2
Myjai Sanders,23,0,3,0,1,0,24,3
Brenden Schooler,14,0,0,0,2,0,25,0
Nephi Sewell,0,0,0,0,0,0,24,0
Brandon Smith,8,0,0,0,0,0,21,0
Jordan Smith,1,0,0,0,0,0,23,0
Baylon Spector,6,0,0,0,0,0,24,0
Ben Stille,5,0,0,0,0,0,25,0
Derek Stingley Jr.,43,1,5,0,0,0,21,1
Alontae Taylor,46,0,11,0,0,0,24,0
Cam Taylor-Britt,55,0,6,0,0,0,23,0
Demetrius Taylor,0,0,0,0,0,0,23,0
Ja'Sir Taylor,22,0,1,0,0,0,23,0
Kayvon Thibodeaux,49,0,5,0,2,1,22,4
A.J. Thomas,4,0,0,0,0,0,23,0
Brayden Thomas,0,0,0,0,0,0,24,0
Cameron Thomas,18,0,1,0,0,0,22,3
Isaiah Thomas,9,0,2,0,1,0,24,1
Josh Thompson,4,0,0,1,0,0,24,0
Keir Thomas,4,0,0,0,0,0,24,0
Kiondre Thomas,1,0,0,0,0,0,23,0
Rodney Thomas II,52,4,6,0,0,0,24,0
Trenton Thompson,0,0,0,0,0,0,25,0
Channing Tindall,3,0,0,0,0,0,22,0
Delarrin Turner-Yell,8,0,0,0,2,0,23,0
Nolan Turner,1,0,0,0,0,0,25,0
Eyioma Uwazurike,17,0,1,0,0,0,24,0
Luiji Vilain,4,0,0,0,0,0,24,0
Quay Walker,121,0,7,0,1,0,22,1.5
Travon Walker,49,1,2,0,0,0,22,3.5
Jaylen Watson,49,1,6,0,0,1,24,0
Sterling Weatherford,4,0,0,0,0,0,23,0
Mark Webb,3,0,0,0,0,0,23,0
Sam Webb,36,0,3,0,0,0,24,0
James Wiggins,0,0,0,0,0,0,24,0
Ray Wilborn,0,0,0,0,0,0,25,0
Damarion Williams,24,0,2,0,0,0,24,0
Joshua Williams,40,1,7,0,0,0,23,0
Kenny Willekes,18,0,1,0,0,0,24,2.5
Sam Williams,22,0,1,0,3,0,23,4
Trill Williams,0,0,0,0,0,0,22,0
Perrion Winfrey,22,0,2,0,0,0,22,0.5
Samuel Womack,19,1,2,0,1,0,23,0
JT Woods,3,0,0,0,0,0,22,0
Tariq Woolen,63,6,16,1,3,1,23,0
Chandler Wooten,1,0,0,0,0,0,23,0
Alex Wright,28,0,5,0,1,0,22,0
Devonte Wyatt,15,0,1,0,0,0,24,1.5
Russ Yeast,20,0,0,0,0,0,23,0