Player,RushingTD,PassingCompletions,Int,PassingAttempts,ReceivingYards,RushingAttempts,PassingYards,PassingTD,RushingYards,ReceivingTD,Age
Tom Brady,28,7753,212,12050,65,693,89214,649,1123,0,23-45
Jason Peters,0,0,0,0,5,0,0,0,0,1,22-40
Marcedes Lewis,0,0,0,0,5084,0,0,0,0,39,22-38
Duane Brown,0,0,0,0,0,0,0,0,0,0,23-37
Joe Flacco,16,3881,147,6299,32,368,42320,232,862,0,23-37
Clark Harris,0,0,0,0,0,0,0,0,0,0,24-37
DeSean Jackson,4,0,1,1,11263,72,0,0,463,58,22-36
Matt Ryan,13,5551,183,8464,5,514,62792,381,1539,1,23-37
Matthew Slater,0,0,0,0,46,2,0,0,11,0,23-37
Brian Hoyer,2,902,35,1518,0,117,10668,53,115,0,24-37
J.J. Jansen,0,0,0,0,0,0,0,0,0,0,35
Morgan Cox,0,0,0,0,0,0,0,0,0,0,35
Chase Daniel,0,186,7,273,8,55,1746,9,120,0,24-36
Richie Incognito,0,0,0,0,0,0,0,0,0,0,23-37
Andre Roberts,0,0,0,0,3079,16,0,0,120,15,22-34
Rodger Saffold,0,0,0,0,0,0,0,0,0,0,22-34
Jon Weeks,0,0,0,0,0,0,0,0,0,0,35
Nick Bellore,0,0,0,0,15,1,0,0,0,0,29
Randall Cobb,0,1,0,4,7585,63,10,0,364,53,21-32
Andy Dalton,22,3374,144,5396,11,468,38150,244,1465,1,24-35
Rodney Hudson,0,0,0,0,0,0,0,0,0,0,22-33
Mark Ingram,65,0,0,0,2125,1817,0,0,8111,10,22-33
Julio Jones,0,0,0,0,13629,24,0,0,163,63,22-33
Taiwan Jones,0,0,0,0,260,53,0,0,223,1,23-34
Jason Kelce,0,0,0,0,0,0,0,0,0,0,24-35
Colt McCoy,2,764,32,1220,8,175,7975,34,582,0,24-36
Jake McQuaide,0,0,0,0,0,0,0,0,0,0,34
Kyle Rudolph,0,0,0,0,4773,0,0,0,0,50,22-33
Tyron Smith,0,0,0,0,0,0,0,0,0,0,21-32
Tyrod Taylor,19,952,26,1550,10,366,10794,60,2071,0,22-33
Trent Williams,0,0,0,0,0,0,0,0,0,0,22-34
Kelvin Beachum,0,0,0,0,0,0,0,0,0,0,23-33
Cole Beasley,0,1,0,4,5744,1,20,1,7,34,23-33
Aaron Brewer,0,0,0,0,0,0,0,0,0,0,31
Marcus Cannon,0,0,0,0,0,0,0,0,0,0,23-34
Nick Foles,6,1302,47,2087,10,151,14227,82,407,0,23-33
A.J. Green,0,0,0,0,10514,11,0,0,93,70,23-34
T.Y. Hilton,0,0,0,1,9812,9,0,0,55,53,23-33
Ben Jones,0,0,0,0,0,0,0,0,0,0,23-33
Riley Reiff,0,0,0,0,0,0,0,0,0,0,24-34
Russell Wilson,26,3371,98,5218,21,901,40583,308,4966,1,24-34
Keenan Allen,0,0,0,2,9287,16,0,0,107,52,21-30
Terron Armstead,0,0,0,0,0,0,0,0,0,0,22-31
David Bakhtiari,0,0,0,0,0,0,0,0,0,0,22-31
Giovani Bernard,22,0,0,0,2989,937,0,0,3783,14,22-31
Brandon Bolden,12,0,0,0,959,300,0,0,1363,7,22-32
Beau Brinkley,0,0,0,0,0,0,0,0,0,0,30-31
Rex Burkhead,17,0,0,2,1534,488,0,0,1908,9,23-32
Tom Compton,0,0,0,0,0,0,0,0,0,0,24-33
Zach Ertz,0,0,0,0,7247,1,0,0,4,45,23-32
Ryan Griffin,0,0,0,0,2184,0,0,0,0,14,23-32
DeAndre Hopkins,0,1,1,3,11298,4,6,1,12,71,21-30
Lane Johnson,0,0,0,0,5,0,0,0,0,1,23-32
Marvin Jones,0,0,0,0,7386,19,0,0,148,58,22-32
Kyle Juszczyk,5,0,0,0,2345,57,0,0,205,14,22-31
Case Keenum,6,1358,48,2180,0,148,14884,78,450,0,25-34
Travis Kelce,2,1,1,3,10344,8,4,0,14,69,24-33
Dennis Kelly,0,0,0,0,1,0,0,0,0,1,22-32
Matt Overton,0,0,0,0,0,0,0,0,0,0,36
Cordarrelle Patterson,22,0,0,1,2757,464,0,0,2330,15,22-31
Justin Pugh,0,0,0,0,0,0,0,0,0,0,23-32
Ryan Tannehill,26,2914,108,4534,8,423,33265,212,2029,1,24-34
Robert Woods,5,0,0,0,7604,74,0,0,507,37,21-30
Oday Aboushi,0,0,0,0,0,0,0,0,0,0,23-31
Tavon Austin,10,0,0,1,2239,199,0,0,1361,16,23-31
Joel Bitonio,0,0,0,0,0,0,0,0,0,0,23-31
Cameron Brate,0,0,0,0,2857,0,0,0,0,33,23-31
John Brown,0,1,0,1,4790,13,28,1,47,32,24-32
Brandin Cooks,2,0,0,0,8616,50,0,0,309,49,21-29
Mike Evans,0,0,0,0,10425,1,0,0,10,81,21-29
Cameron Fleming,0,0,0,0,0,0,0,0,0,0,22-30
Marquise Goodwin,0,0,0,0,3023,19,0,0,93,18,23-32
Chris Hubbard,0,0,0,0,0,0,0,0,0,0,23-31
James Hurst,0,0,0,0,0,0,0,0,0,0,23-31
Ryan Jensen,0,0,0,0,0,0,0,0,0,0,23-31
Jarvis Landry,5,6,0,9,7870,40,146,1,239,38,22-30
Charles Leno Jr.,0,0,0,0,0,0,0,0,0,0,23-31
Taylor Lewan,0,0,0,0,10,0,0,0,0,1,23-31
Corey Linsley,0,0,0,0,0,0,0,0,0,0,23-31
Cornelius Lucas,0,0,0,0,0,0,0,0,0,0,23-31
Zack Martin,0,0,0,0,0,0,0,0,0,0,24-32
Jake Matthews,0,0,0,0,0,0,0,0,0,0,22-30
Morgan Moses,0,0,0,0,0,0,0,0,0,0,23-31
Latavius Murray,55,0,0,0,1501,1481,0,0,6252,2,24-32
Andrew Norwell,0,0,0,0,0,0,0,0,0,0,23-31
Ty Nsekhe,0,0,0,0,0,0,0,0,0,0,27-37
Allen Robinson,0,0,0,0,6748,3,0,0,10,43,21-29
Richard Rodgers,0,0,0,0,1533,1,0,0,11,15,22-30
Tyler Shatley,0,0,0,0,0,0,0,0,0,0,23-31
Geno Smith,9,991,48,1578,13,226,11199,64,1067,0,23-32
Keith Smith,0,0,0,0,205,22,0,0,53,0,24-30
Adam Thielen,1,0,0,0,6682,21,0,0,172,55,24-32
Billy Turner,0,0,0,0,0,0,0,0,0,0,23-31
Trai Turner,0,0,0,0,0,0,0,0,0,0,21-29
Sammy Watkins,0,0,1,1,5384,11,0,0,76,34,21-29
Ameer Abdullah,6,0,0,0,1076,413,0,0,1594,8,22-29
Nelson Agholor,0,1,0,1,4246,14,15,0,71,31,22-29
Kenjon Barner,3,1,0,1,152,104,3,0,416,0,24-32
Blake Bell,0,0,0,0,641,5,0,0,12,1,24-31
Nick Boyle,0,0,0,0,1049,0,0,0,0,4,22-29
Teddy Bridgewater,11,1372,47,2067,0,219,15120,75,846,0,22-30
Justin Britt,0,0,0,0,0,0,0,0,0,0,23-31
Malcolm Brown,13,0,0,0,374,349,0,0,1394,1,22-29
Trent Brown,0,0,0,0,0,0,0,0,0,0,22-29
Michael Burton,1,0,0,0,123,28,0,0,62,1,23-30
A.J. Cann,0,0,0,0,0,0,0,0,0,0,24-31
Joe Cardona,0,0,0,0,0,0,0,0,0,0,29
Tevin Coleman,25,0,0,0,1317,789,0,0,3319,13,22-29
Chris Conley,0,0,0,0,2853,1,0,0,3,15,23-30
Amari Cooper,0,0,1,1,8236,14,0,0,41,55,21-28
Jamison Crowder,0,1,0,2,4667,17,43,1,82,28,22-29
Mike Davis,14,0,0,0,1066,558,0,0,2052,4,22-29
Andrew DePaola,0,0,0,0,0,0,0,0,0,0,31-34
Stefon Diggs,0,0,0,1,8812,31,0,0,157,59,22-29
Cameron Erving,0,0,0,0,0,0,0,0,0,0,23-30
Jon Feliciano,0,0,0,0,0,0,0,0,0,0,23-30
Max Garcia,0,0,0,0,0,0,0,0,0,0,24-31
Mark Glowinski,0,0,0,0,0,0,0,0,0,0,23-29
Josh Gordon,0,0,1,2,4284,6,0,0,89,21,21-31
Melvin Gordon,55,0,0,0,2467,1567,0,0,6462,14,22-29
Bobby Hart,0,0,0,0,0,0,0,0,0,0,21-28
Rob Havenstein,0,0,0,0,0,0,0,0,0,0,23-30
Charley Hughlett,0,0,0,0,0,0,0,0,0,0,31
Jesse James,0,0,0,0,1522,0,0,0,0,12,21-28
David Johnson,39,0,0,0,2805,1007,0,0,4071,18,24-31
Duke Johnson,11,0,0,1,2870,532,0,0,2265,12,22-29
Josh Johnson,1,206,16,355,0,78,2280,13,425,0,23-36
Tyler Kroft,0,0,0,0,1081,0,0,0,0,13,23-30
Kendall Lamm,0,0,0,0,8,0,0,0,0,1,23-30
Tyler Lockett,1,0,0,0,7100,40,0,0,265,54,23-30
Rick Lovato,0,0,0,0,0,0,0,0,0,0,23-29
Greg Mancz,0,0,0,0,0,0,0,0,0,0,23-30
Marcus Mariota,17,1312,54,2095,62,349,15656,92,2012,1,22-29
Shaq Mason,0,0,0,0,0,0,0,0,0,0,22-29
Jordan Matthews,0,0,0,0,3288,0,0,0,0,22,22-29
John Miller,0,0,0,0,0,0,0,0,0,0,22-29
Ty Montgomery,7,0,0,0,1119,260,0,0,1178,4,22-29
Mitch Morse,0,0,0,0,0,0,0,0,0,0,23-30
Raheem Mostert,14,0,0,0,563,465,0,0,2501,5,23-30
Cedric Ogbuehi,0,0,0,0,0,0,0,0,0,0,23-30
DeVante Parker,0,0,0,0,5266,0,0,0,0,27,22-29
Andrus Peat,0,0,0,0,0,0,0,0,0,0,22-29
MyCole Pruitt,0,0,0,0,638,0,0,0,0,11,23-30
Patrick Scales,0,0,0,0,0,0,0,0,0,0,26-33
Brandon Scherff,0,0,0,0,0,0,0,0,0,0,24-31
Michael Schofield,0,0,0,0,0,0,0,0,0,0,25-32
Donovan Smith,0,0,0,0,0,0,0,0,0,0,22-29
Willie Snead,0,1,0,1,3431,3,50,1,15,16,23-30
Geoff Swaim,0,0,0,0,752,0,0,0,0,6,22-29
Levine Toilolo,0,0,0,0,1042,0,0,0,0,8,22-29
Laken Tomlinson,0,0,0,0,0,0,0,0,0,0,23-30
C.J. Uzomah,0,0,0,0,1823,0,0,0,0,15,22-29
Greg Van Roten,0,0,0,0,0,0,0,0,0,0,22-32
Josh Wells,0,0,0,0,0,0,0,0,0,0,23-31
Damien Williams,14,0,0,0,1209,336,0,0,1397,11,22-30
Maxx Williams,0,0,0,0,1012,5,0,0,14,6,21-28
James Winchester,0,0,0,0,0,0,0,0,0,0,32
Jameis Winston,11,1738,96,2835,0,293,21840,139,1220,0,21-28
Chosen Anderson,0,0,0,0,4956,16,0,0,98,29,23-29
David Andrews,0,0,0,0,0,0,0,0,0,0,23-30
Josh Andrews,0,0,0,0,0,0,0,0,0,0,24-31
Austin Blythe,0,0,0,0,0,0,0,0,0,0,24-30
Tyler Boyd,0,3,0,5,5333,17,85,0,155,29,22-28
Jacoby Brissett,15,963,23,1577,2,227,10350,48,896,0,24-30
Damiere Byrd,0,0,0,0,1689,3,0,0,27,7,23-29
La'el Collins,0,0,0,0,0,0,0,0,0,0,22-29
Jack Conklin,0,0,0,0,0,0,0,0,0,0,22-28
Pharoh Cooper,0,0,1,1,545,7,0,0,26,1,21-27
Taylor Decker,0,0,0,0,15,0,0,0,0,2,23-29
Phillip Dorsett,0,0,0,1,2001,14,0,0,84,12,22-29
Dakota Dozier,0,0,0,0,0,0,0,0,0,0,24-30
Kenyan Drake,33,0,0,0,1624,867,0,0,3866,8,22-28
Laurent Duvernay-Tardif,0,0,0,0,0,0,0,0,0,0,24-31
Ezekiel Elliott,68,1,0,1,2336,1881,4,0,8262,12,21-27
Alex Erickson,0,1,0,2,1141,18,26,0,78,1,24-30
James Ferentz,0,0,0,0,0,0,0,0,0,0,26-33
Graham Glasgow,0,0,0,0,0,0,0,0,0,0,24-30
Jared Goff,10,2250,70,3502,5,209,25854,155,474,0,22-28
Denzelle Good,0,0,0,0,0,0,0,0,0,0,24-30
Joe Haeg,0,0,0,0,0,0,0,0,0,0,23-29
Derrick Henry,78,5,0,6,1244,1750,23,2,8335,3,22-28
Hunter Henry,0,0,0,0,3434,0,0,0,0,32,22-28
Tyler Higbee,0,0,0,0,3107,1,0,0,1,20,23-29
Rashard Higgins,0,0,0,0,1890,1,0,0,4,12,22-28
Tyreek Hill,7,0,1,1,8340,100,0,0,751,63,22-28
Austin Hooper,0,0,0,0,3468,0,0,0,0,25,22-28
Jordan Howard,37,0,0,0,653,1019,0,0,4362,2,22-28
D.J. Humphries,0,0,0,0,0,0,0,0,0,0,23-29
Germain Ifedi,0,0,0,0,0,0,0,0,0,0,22-28
Ja'Wuan James,0,0,0,0,0,0,0,0,0,0,22-30
Ted Karras,0,0,0,0,0,0,0,0,0,0,23-29
Casey Kreiter,0,0,0,0,0,0,0,0,0,0,31
Tyler Larsen,0,0,0,0,0,0,0,0,0,0,25-31
Chris Manhertz,0,0,0,0,255,0,0,0,0,2,24-30
J.D. McKissic,4,0,0,0,1674,243,0,0,1074,7,23-29
Jerick McKinnon,13,0,0,1,1856,639,0,0,2590,16,22-30
Chris Moore,0,0,0,0,1286,14,0,0,30,8,23-29
Tyler Ott,0,0,0,0,0,0,0,0,0,0,23-29
Breshad Perriman,0,0,0,0,2343,11,0,0,16,16,23-29
Dak Prescott,26,2185,65,3283,11,352,24943,166,1642,1,23-29
Chris Reed,0,0,0,0,0,0,0,0,0,0,24-30
Demarcus Robinson,0,0,0,0,2137,0,0,0,0,16,22-28
Isaac Seumalo,0,0,0,0,0,0,0,0,0,0,23-29
Brandon Shell,0,0,0,0,0,0,0,0,0,0,24-30
Sterling Shepard,1,0,0,0,4038,23,0,0,180,22,23-29
Ronnie Stanley,0,0,0,0,0,0,0,0,0,0,22-28
Logan Thomas,0,3,0,11,1506,3,124,1,5,12,23-31
Mike Thomas,0,0,0,0,366,1,0,0,1,1,22-28
Joe Thuney,0,0,0,0,0,0,0,0,0,0,24-30
Carson Tinker,0,0,0,0,0,0,0,0,0,0,29-32
Eric Tomlinson,0,0,0,0,280,0,0,0,0,3,24-30
Laquon Treadwell,0,0,0,0,1226,0,0,0,0,5,21-27
Laremy Tunsil,0,0,0,0,0,0,0,0,0,0,22-28
Nick Vannett,0,0,0,0,874,0,0,0,0,6,23-29
Darren Waller,0,0,0,0,3572,3,0,0,26,19,23-30
Dwayne Washington,1,0,0,0,101,168,0,0,592,0,22-28
Derek Watt,2,0,0,0,178,29,0,0,71,1,24-30
Carson Wentz,10,2056,66,3284,11,337,22129,151,1362,0,24-30
Cody Whitehair,0,0,0,0,0,0,0,0,0,0,24-30
Jamal Agnew,1,0,0,1,505,25,0,0,230,4,25-27
Stephen Anderson,0,0,0,0,715,0,0,0,0,3,23-29
Alex Armah,3,0,0,0,30,26,0,0,56,1,23-28
Garett Bolles,0,0,0,0,0,0,0,0,0,0,25-30
Kendrick Bourne,0,1,0,1,3003,18,25,1,164,17,22-27
Matt Breida,8,0,0,0,847,520,0,0,2501,6,22-27
Le'Raven Clark,0,0,0,0,0,0,0,0,0,0,23-29
Corey Clement,8,0,0,0,423,211,0,0,850,3,23-28
Keelan Cole,0,0,0,1,2832,2,0,0,8,14,24-29
James Conner,44,0,0,0,1638,917,0,0,3836,8,22-27
Dalvin Cook,47,0,0,0,1794,1282,0,0,5993,5,22-27
Corey Davis,0,0,0,0,3879,6,0,0,55,17,22-27
Jesse Davis,0,0,0,0,0,0,0,0,0,0,26-31
Dion Dawkins,0,0,0,0,8,0,0,0,0,2,23-28
Austin Ekeler,34,0,0,0,3448,811,0,0,3727,29,22-27
Pat Elflein,0,0,0,0,0,0,0,0,0,0,23-28
Jermaine Eluemunor,0,0,0,0,0,0,0,0,0,0,23-28
Evan Engram,1,0,0,0,3594,16,0,0,93,20,23-28
Gerald Everett,1,0,0,0,2422,9,0,0,51,16,23-28
George Fant,0,0,0,0,9,0,0,0,0,0,24-30
Dan Feeney,0,0,0,0,0,0,0,0,0,0,23-28
Matt Feiler,0,0,0,0,0,0,0,0,0,0,25-30
Reid Ferguson,0,0,0,0,0,0,0,0,0,0,27
Leonard Fournette,34,0,1,2,2219,1132,0,0,4478,7,22-27
Chris Godwin,1,0,0,0,5666,8,0,0,34,32,21-26
Kenny Golladay,0,0,0,0,3670,2,0,0,17,22,24-29
Jakeem Grant,1,0,0,0,1140,17,0,0,76,7,24-29
Hroniss Grasu,0,0,0,0,2,0,0,0,0,0,24-31
C.J. Ham,3,0,0,0,610,36,0,0,97,2,24-29
Justin Hardee,0,0,0,0,10,0,0,0,0,0,23-27
Jonotthan Harrison,0,0,0,0,0,0,0,0,0,0,23-28
Taysom Hill,23,185,8,287,465,317,2265,10,1758,9,27-32
Jacob Hollister,0,0,0,0,707,1,0,0,5,7,24-29
O.J. Howard,0,0,0,0,1882,0,0,0,0,17,23-28
Kareem Hunt,31,0,0,0,1806,895,0,0,4025,17,22-27
Aaron Jones,43,0,0,0,1843,1035,0,0,5284,17,23-28
Zay Jones,0,1,0,2,2707,8,29,0,24,16,22-27
Alvin Kamara,49,1,0,1,3753,1135,13,0,5135,22,22-27
George Kittle,0,0,0,0,5254,11,0,0,69,31,24-29
Cooper Kupp,1,0,0,4,6329,23,0,0,132,46,24-29
Marlon Mack,21,0,0,0,547,583,0,0,2568,3,21-26
Patrick Mahomes,12,1985,49,2993,6,299,24241,192,1547,0,22-27
Nick Martin,0,0,0,0,0,0,0,0,0,0,24-29
A.J. McCarron,1,109,3,174,0,22,1173,6,68,0,25-30
Christian McCaffrey,38,2,0,4,3756,1025,84,2,4726,22,21-26
Justin McCray,0,0,0,0,0,0,0,0,0,0,25-30
Conor McDermott,0,0,0,0,1,0,0,0,0,1,25-30
Connor McGovern,0,0,0,0,0,0,0,0,0,0,24-29
Isaiah McKenzie,4,1,0,1,1345,47,12,1,230,11,22-27
Joe Mixon,40,0,0,0,1763,1314,0,0,5378,10,21-26
Taylor Moton,0,0,0,0,0,0,0,0,0,0,23-28
Johnny Mundt,0,0,0,0,233,0,0,0,0,1,23-28
Dare Ogunbowale,4,0,0,0,558,128,0,0,422,1,23-28
Lucas Patrick,0,0,0,0,0,0,0,0,0,0,24-29
Samaje Perine,7,0,0,0,736,401,0,0,1592,6,22-27
Ethan Pocic,0,0,0,0,0,0,0,0,0,0,22-27
Ryan Ramczyk,0,0,0,0,0,0,0,0,0,0,23-28
Kalif Raymond,0,0,0,0,1561,14,0,0,55,5,22-28
Austin Reiter,0,0,0,0,0,0,0,0,0,0,25-30
Josh Reynolds,0,0,0,0,2325,8,0,0,36,14,22-27
Patrick Ricard,0,0,0,0,241,10,0,0,19,5,23-28
Cam Robinson,0,0,0,0,0,0,0,0,0,0,22-27
Chester Rogers,0,0,0,0,1522,6,0,0,31,6,22-28
Chase Roullier,0,0,0,0,0,0,0,0,0,0,24-29
Curtis Samuel,6,0,0,0,2770,114,0,0,676,18,21-26
Eric Saubert,0,0,0,0,280,0,0,0,0,2,23-28
Wes Schweitzer,0,0,0,0,0,0,0,0,0,0,24-29
Trevor Siemian,2,621,28,1055,0,73,7027,42,211,0,24-31
Matt Skura,0,0,0,0,0,1,0,0,0,0,24-29
Jonnu Smith,1,0,0,0,1841,16,0,0,127,17,22-27
JuJu Smith-Schuster,1,0,0,0,4788,4,0,0,22,29,21-26
Mitchell Trubisky,11,1133,43,1765,0,222,11904,68,1119,0,23-28
Halapoulivaati Vaitai,0,0,0,0,0,0,0,0,0,0,23-28
Kevin White,0,0,0,0,397,1,0,0,9,0,24-30
Elijah Wilkinson,0,0,0,0,0,0,0,0,0,0,22-27
Jamaal Williams,30,0,0,0,1191,915,0,0,3652,8,22-27
Jonathan Williams,3,0,0,1,149,134,0,0,565,0,22-28
Mike Williams,1,0,0,0,4557,9,0,0,31,30,23-28
Jordan Akins,0,0,0,0,1755,2,0,0,7,8,26-30
Mo Alie-Cox,0,0,0,0,1125,0,0,0,0,11,25-29
Josh Allen,38,1604,60,2566,12,546,18397,138,3087,1,22-26
Kyle Allen,4,441,21,704,0,52,4734,26,175,0,22-26
Mark Andrews,0,0,0,0,4313,4,0,0,8,34,23-27
Dan Arnold,0,0,0,0,1258,0,0,0,0,7,23-27
Saquon Barkley,29,0,0,0,1820,954,0,0,4249,8,21-25
C.J. Beathard,4,300,14,510,0,56,3537,18,231,0,24-29
Ike Boettger,0,0,0,0,0,0,0,0,0,0,24-28
Mike Boone,4,0,0,0,146,99,0,0,516,0,23-27
Bradley Bozeman,0,0,0,0,0,0,0,0,0,0,24-28
Jake Brendel,0,0,0,0,0,0,0,0,0,0,24-30
Noah Brown,0,0,0,0,980,1,0,0,4,3,21-26
Orlando Brown Jr.,0,0,0,0,0,0,0,0,0,0,22-26
Pharaoh Brown,0,0,0,0,478,0,0,0,0,2,23-28
Jason Cabinda,0,0,0,0,5,1,0,0,4,0,26
Trenton Cannon,1,0,0,0,160,51,0,0,150,0,24-28
Alex Cappa,0,0,0,0,0,0,0,0,0,0,23-27
Chris Carson,24,0,0,0,804,769,0,0,3502,7,23-27
Cethan Carter,0,0,0,0,82,0,0,0,0,1,22-27
DeAndre Carter,0,0,0,0,1220,13,0,0,81,6,25-29
DJ Chark,0,0,0,0,2544,2,0,0,20,18,22-26
Geron Christian,0,0,0,0,0,0,0,0,0,0,22-26
Nick Chubb,48,0,0,0,990,1210,0,0,6341,4,23-27
Will Clapp,0,0,0,0,0,0,0,0,0,0,23-27
Mason Cole,0,0,0,0,0,0,0,0,0,0,22-26
Alex Collins,18,0,0,0,467,483,0,0,1997,1,22-27
Tyler Conklin,0,0,0,0,1474,2,0,0,3,7,23-27
Austin Corbett,0,0,0,0,0,0,0,0,0,0,23-27
Keke Coutee,1,0,0,0,966,5,0,0,14,4,21-25
Rashaad Coward,0,0,0,0,0,0,0,0,0,0,25-28
River Cracraft,0,0,0,0,187,0,0,0,0,2,24-28
Korey Cunningham,0,0,0,0,0,0,0,0,0,0,23-27
James Daniels,0,0,0,0,0,0,0,0,0,0,21-25
Sam Darnold,12,1054,55,1765,0,188,11767,61,745,0,21-25
Will Dissly,0,0,0,0,1249,1,0,0,7,12,22-26
Jeff Driskel,3,216,8,365,10,73,2228,14,384,0,25-29
Ross Dwelley,0,0,0,0,506,0,0,0,0,5,23-27
Chase Edmonds,11,0,0,0,1078,401,0,0,1796,6,22-26
Anthony Firkser,0,0,0,0,1207,0,0,0,0,5,23-27
D'Onta Foreman,10,0,0,0,265,443,0,0,1901,2,21-26
Royce Freeman,8,0,0,0,519,394,0,0,1473,1,22-26
Kyle Fuller,0,0,0,0,0,0,0,0,0,0,23-28
Russell Gage,0,1,0,2,2491,6,39,1,21,14,22-26
Michael Gallup,0,0,0,0,3326,0,0,0,0,19,22-26
Mike Gesicki,0,0,0,1,2617,0,0,0,0,18,23-27
Dallas Goedert,0,0,0,0,2997,0,0,0,0,19,23-27
Garrett Griffin,0,0,0,0,43,0,0,0,0,0,23-28
Will Hernandez,0,0,0,0,0,0,0,0,0,0,23-27
Brian Hill,3,0,0,0,313,209,0,0,982,1,22-26
Dontrell Hilliard,4,0,1,1,463,100,0,0,592,4,23-27
Nyheim Hines,10,0,0,0,1778,306,0,0,1202,8,22-26
KhaDarel Hodge,0,0,0,0,632,0,0,0,0,1,23-27
Mack Hollins,0,1,0,1,1440,4,4,0,40,10,24-29
Hayden Hurst,0,0,0,0,1718,1,0,0,0,14,25-29
Danny Isidora,0,0,0,0,0,0,0,0,0,0,23-27
Justin Jackson,5,0,0,0,609,248,0,0,1210,1,22-26
Lamar Jackson,24,1055,38,1655,0,727,12209,101,4437,0,21-25
Ronald Jones II,19,0,0,0,593,505,0,0,2244,1,21-25
Marcus Kemp,0,0,0,0,42,0,0,0,0,0,22-27
Christian Kirk,0,1,0,2,4010,21,33,0,153,25,22-26
Keith Kirkwood,0,0,0,0,257,0,0,0,0,2,24-28
Jake Kumerow,0,0,0,0,436,0,0,0,0,3,26-30
Allen Lazard,0,0,0,0,2236,8,0,0,70,20,23-27
Phillip Lindsay,18,0,0,0,529,637,0,0,2848,2,24-28
Baker Mayfield,6,1386,64,2259,17,189,16288,102,660,0,23-27
Ray-Ray McCloud,1,0,0,0,633,12,0,0,162,1,22-26
Mike McGlinchey,0,0,0,0,0,0,0,0,0,0,23-27
Jeremy McNichols,1,0,0,0,295,90,0,0,364,1,22-26
Sony Michel,18,0,0,0,439,779,0,0,3243,2,23-27
Kolton Miller,0,0,0,0,0,0,0,0,0,0,23-27
D.J. Moore,0,0,0,1,5201,39,0,0,335,21,21-25
David Moore,0,0,0,0,1163,12,0,0,91,13,22-26
Daniel Munyer,0,0,0,0,0,0,0,0,0,0,23-30
Justin Murray,0,0,0,0,0,0,0,0,0,0,25-29
Quenton Nelson,0,0,0,0,0,1,0,0,0,0,22-26
Joseph Noteboom,0,0,0,0,0,0,0,0,0,0,23-27
Chukwuma Okorafor,0,0,0,0,0,0,0,0,0,0,21-25
Brian O'Neill,0,0,0,0,0,0,0,0,0,0,23-27
Zach Pascal,0,0,0,2,2038,7,0,0,47,16,24-28
Rashaad Penny,13,0,0,0,222,337,0,0,1918,1,22-26
Nathan Peterman,1,85,13,160,0,22,712,4,91,0,23-28
Dante Pettis,0,2,0,2,984,3,32,0,35,12,23-27
Billy Price,0,0,0,0,0,0,0,0,0,0,24-28
David Quessenberry,0,0,0,0,1,0,0,0,0,1,27-32
Scott Quessenberry,0,0,0,0,0,0,0,0,0,0,23-27
Frank Ragnow,0,0,0,0,0,0,0,0,0,0,22-26
Cooper Rush,0,125,4,212,0,20,1475,8,11,0,24-29
Mason Schreck,0,0,0,0,6,0,0,0,0,0,25-29
Dalton Schultz,0,0,0,0,2122,0,0,0,0,17,22-26
Boston Scott,16,0,0,0,514,282,0,0,1209,1,23-27
Trenton Scott,0,0,0,0,0,0,0,0,0,0,24-28
Ricky Seals-Jones,0,0,0,0,1044,0,0,0,0,10,22-26
Adam Shaheen,0,0,0,0,509,0,0,0,0,7,23-27
David Sharpe,0,0,0,0,0,0,0,0,0,0,22-26
Tajae Sharpe,0,0,0,0,1397,2,0,0,17,8,22-27
Trent Sherfield,0,0,0,0,844,0,0,0,0,4,22-26
Trent Sieg,0,0,0,0,0,0,0,0,0,0,26
Cam Sims,0,0,0,0,804,2,0,0,12,3,22-26
Dan Skipper,0,0,0,0,0,0,0,0,0,0,23-28
Braden Smith,0,0,0,0,0,0,0,0,0,0,22-26
Tre'Quan Smith,0,0,0,0,1764,1,0,0,3,18,22-26
Durham Smythe,1,0,0,0,809,4,0,0,4,3,23-27
Jeremy Sprinkle,0,0,0,0,332,0,0,0,0,3,23-27
Courtland Sutton,0,2,0,2,3487,5,54,0,21,14,23-27
Trent Taylor,0,0,0,0,834,4,0,0,15,3,23-28
Ian Thomas,0,0,0,0,999,0,0,0,0,4,22-26
Robert Tonyan,0,0,0,0,1437,0,0,0,0,17,24-28
Malik Turner,0,0,0,0,414,0,0,0,0,4,22-26
Marquez Valdes-Scantling,0,0,0,0,2840,9,0,0,48,15,24-28
James Washington,0,0,0,0,1629,2,0,0,13,11,22-26
Deshaun Watson,18,1285,41,1918,6,343,15641,111,1852,1,22-27
Justin Watson,0,0,0,0,573,0,0,0,0,4,22-26
Jordan Wilkins,4,0,0,0,262,208,0,0,1009,0,24-28
Connor Williams,0,0,0,0,0,0,0,0,0,0,21-25
Darrel Williams,11,0,0,0,771,258,0,0,1014,4,23-27
Brandon Wilson,0,0,0,0,0,0,0,0,0,0,23-27
Jeff Wilson,18,0,0,0,481,474,0,0,2125,5,23-27
Andrew Wylie,0,0,0,0,0,0,0,0,0,0,24-28
Brandon Zylstra,0,0,0,1,414,1,0,0,1,1,25-29
Brandon Allen,0,149,6,263,0,33,1611,10,64,0,27-30
Brian Allen,0,0,0,0,0,0,0,0,0,0,23-27
Nick Allegretti,0,0,0,0,0,0,0,0,0,0,23-26
Quinn Bailey,0,0,0,0,0,0,0,0,0,0,24-27
Alex Bars,0,0,0,0,0,0,0,0,0,0,24-27
Ryan Bates,0,0,0,0,0,0,0,0,0,0,22-25
Andrew Beck,0,1,0,1,159,3,6,0,3,1,23-26
Braxton Berrios,4,1,0,1,1085,19,2,1,160,5,24-27
Khari Blasingame,0,0,0,0,97,3,0,0,6,0,23-26
David Blough,0,138,9,242,19,14,1435,6,60,1,24-27
C.J. Board,0,0,0,0,189,2,0,0,9,0,26-29
Reggie Bonnafon,1,0,0,0,87,32,0,0,197,1,23-26
Miles Boykin,0,0,0,0,481,0,0,0,0,7,23-26
Garrett Bradbury,0,0,0,0,17,0,0,0,0,0,24-27
A.J. Brown,1,0,0,2,4491,5,0,0,70,35,22-25
Evan Brown,0,0,0,0,0,0,0,0,0,0,23-26
Marquise Brown,0,0,0,0,3070,3,0,0,7,24,22-25
Daniel Brunskill,0,0,0,0,0,0,0,0,0,0,25-28
Parris Campbell,0,0,0,0,983,11,0,0,108,5,22-25
Dennis Daley,0,0,0,0,0,0,0,0,0,0,23-26
Nate Davis,0,0,0,0,0,0,0,0,0,0,23-26
Michael Deiter,0,0,0,0,0,0,0,0,0,0,23-26
Ashton Dulin,0,0,0,0,450,7,0,0,51,3,22-25
Chuma Edoga,0,0,0,0,0,0,0,0,0,0,22-25
David Edwards,0,0,0,0,0,0,0,0,0,0,22-25
Gus Edwards,13,0,0,0,194,501,0,0,2585,0,23-27
Bobby Evans,0,0,0,0,0,0,0,0,0,0,22-24
Cody Ford,0,0,0,0,0,0,0,0,0,0,23-26
Myles Gaskin,7,0,0,0,701,361,0,0,1355,6,22-25
Nick Gates,0,0,0,0,0,0,0,0,0,0,24-27
Zach Gentry,0,0,0,0,303,0,0,0,0,0,23-26
Cullen Gillaspia,0,0,0,0,6,0,0,0,0,0,24-26
Jalen Guyton,0,0,0,0,1023,9,0,0,34,6,22-25
Mecole Hardman,2,0,0,0,2088,20,0,0,125,16,21-24
Damien Harris,20,0,0,0,281,449,0,0,2094,0,22-25
Deonte Harty,0,0,0,0,793,15,0,0,123,4,22-25
N'Keal Harry,0,0,0,0,714,7,0,0,49,5,22-25
Phil Haynes,0,0,0,0,0,0,0,0,0,0,24-27
Darrell Henderson,13,0,0,0,474,396,0,0,1742,4,22-25
Nate Herbig,0,0,0,0,0,0,0,0,0,0,21-24
T.J. Hockenson,0,0,0,0,2587,1,0,0,0,18,22-25
Will Holden,0,0,0,0,0,0,0,0,0,0,24-28
Cody Hollister,0,0,0,0,112,0,0,0,0,0,26-29
J.P. Holtz,0,0,0,0,91,0,0,0,0,0,26-29
Travis Homer,1,0,0,0,464,83,0,0,453,2,21-24
Tytus Howard,0,0,0,0,0,0,0,0,0,0,23-26
Tanner Hudson,0,0,0,0,199,0,0,0,0,0,25-28
Lil'Jordan Humphrey,0,0,0,0,315,0,0,0,0,3,21-24
Alec Ingold,1,0,0,0,344,21,0,0,30,4,23-26
Trenton Irwin,0,0,0,0,270,1,0,0,11,4,24-27
Andy Isabella,0,0,0,0,447,6,0,0,10,3,23-26
Josh Jacobs,40,0,0,0,1152,1072,0,0,4740,0,21-24
Andre James,0,0,0,0,0,0,0,0,0,0,22-25
Richie James,0,0,0,0,1258,4,0,0,5,7,23-27
Elgton Jenkins,0,0,0,0,0,0,0,0,0,0,24-27
D'Ernest Johnson,3,0,0,0,229,141,0,0,738,0,23-26
Diontae Johnson,0,0,0,0,3646,19,0,0,134,20,23-26
Fred Johnson,0,0,0,0,0,0,0,0,0,0,22-25
Jakob Johnson,0,0,0,0,93,0,0,0,0,1,25-28
Ty Johnson,4,0,0,0,668,208,0,0,925,3,22-25
Daniel Jones,12,1113,34,1740,16,292,11603,60,1708,0,22-25
Michael Jordan,0,0,0,0,0,0,0,0,0,0,21-24
John Kelly,0,0,0,0,27,32,0,0,96,0,22-26
Dawson Knox,0,0,0,0,1780,1,0,0,13,20,23-26
Forrest Lamp,0,0,0,0,0,0,0,0,0,0,24-27
Chris Lindstrom,0,0,0,0,0,0,0,0,0,0,22-25
Wes Martin,0,0,0,0,0,0,0,0,0,0,23-26
Alexander Mattison,11,0,0,0,526,404,0,0,1670,3,21-24
Erik McCoy,0,0,0,0,0,0,0,0,0,0,22-25
Terry McLaurin,0,0,0,0,4281,10,0,0,71,21,24-27
Patrick Mekari,0,0,0,0,0,0,0,0,0,0,22-25
D.K. Metcalf,0,0,0,0,4218,3,0,0,17,35,22-25
Jakobi Meyers,0,4,0,4,2758,5,88,2,7,8,23-26
Anthony Miller,0,1,0,1,1589,9,8,0,37,12,24-27
Scott Miller,1,0,0,0,924,8,0,0,81,4,22-25
Gardner Minshew II,2,586,15,933,0,112,6632,44,521,0,23-26
David Montgomery,26,0,1,1,1240,915,0,0,3609,4,22-25
Jason Moore,0,0,0,0,104,0,0,0,0,0,24-27
Foster Moreau,0,0,0,0,1107,0,0,0,2,12,22-25
Stanley Morgan Jr.,0,0,0,0,29,1,0,0,3,0,23-26
Kyler Murray,23,1316,41,1971,7,381,13848,84,2204,0,22-25
Storm Norton,0,0,0,0,0,0,0,0,0,0,24-28
Qadree Ollison,5,0,0,0,19,44,0,0,158,0,23-26
Gunner Olszewski,0,0,0,0,180,14,0,0,71,1,23-26
Devine Ozigbo,0,0,0,0,75,14,0,0,29,0,23-26
Brandon Parker,0,0,0,0,0,0,0,0,0,0,23-26
Tim Patrick,0,0,0,0,2009,3,0,0,17,12,25-28
Trey Pipkins,0,0,0,0,0,0,0,0,0,0,23-26
Tony Pollard,17,0,0,0,1008,510,0,0,2616,5,22-25
Ben Powers,0,0,0,0,0,0,0,0,0,0,23-26
Brandon Powell,0,0,0,0,354,20,0,0,91,2,23-27
Byron Pringle,0,0,0,0,1033,0,0,0,0,9,26-29
Matt Pryor,0,0,0,0,0,0,0,0,0,0,25-28
Hunter Renfrow,0,0,0,0,2629,3,0,0,3,17,24-27
Craig Reynolds,0,0,0,0,171,79,0,0,336,0,23-26
Calvin Ridley,0,0,0,0,3342,13,0,0,62,28,24-27
Dalton Risner,0,0,0,0,0,0,0,0,0,0,24-27
Drew Sample,0,0,0,0,458,0,0,0,0,1,23-26
Deebo Samuel,14,1,0,2,3230,123,24,1,782,12,23-26
Miles Sanders,20,0,0,0,942,739,0,0,3708,3,22-25
Max Scharping,0,0,0,0,7,0,0,0,0,0,23-26
Austin Schlottmann,0,0,0,0,0,0,0,0,0,0,24-27
Coleman Shelton,0,0,0,0,0,0,0,0,0,0,24-27
Steven Sims,1,0,0,1,679,23,0,0,173,5,22-25
Devin Singletary,16,0,0,0,971,672,0,0,3151,4,22-25
Vyncint Smith,1,0,0,0,329,3,0,0,52,1,22-25
Benny Snell Jr.,7,0,0,0,114,275,0,0,982,0,21-24
Equanimeous St. Brown,0,0,0,0,866,11,0,0,80,2,22-26
Aaron Stinnie,0,0,0,0,0,0,0,0,0,0,24-27
Nate Sudfeld,0,25,1,37,0,10,188,1,28,0,24-29
Jawaan Taylor,0,0,0,0,0,0,0,0,0,0,22-25
Zach Triner,0,0,0,0,0,0,0,0,0,0,28-30
Oli Udoh,0,0,0,0,0,0,0,0,0,0,22-25
Nsimba Webster,0,0,0,0,14,0,0,0,0,0,23-26
Trevon Wesco,0,0,0,0,113,2,0,0,2,0,24-27
Preston Williams,0,0,0,0,787,1,0,0,7,7,22-25
Trayveon Williams,0,0,0,0,64,47,0,0,238,0,22-25
Cedrick Wilson Jr.,0,5,0,5,973,6,111,1,7,8,24-27
Javon Wims,0,0,0,0,266,1,0,0,2,2,24-28
Juwann Winfree,0,0,0,0,75,0,0,0,0,0,23-26
Isaiah Wynn,0,0,0,0,0,0,0,0,0,0,24-27
Olamide Zaccheaus,0,0,0,0,1328,4,0,0,9,8,22-25
Hakeem Adeniji,0,0,0,0,0,0,0,0,0,0,23-25
Salvon Ahmed,4,0,0,0,186,141,0,0,532,0,22-24
Brandon Aiyuk,2,0,0,0,2589,13,0,0,117,18,22-24
Cam Akers,9,0,0,0,250,338,0,0,1414,1,21-23
Calvin Anderson,0,0,0,0,0,0,0,0,0,0,24-26
JJ Arcega-Whiteside,0,0,0,0,290,0,0,0,0,1,22-24
Devin Asiasi,0,0,0,0,44,0,0,0,0,1,23-25
Ben Bartch,0,0,0,0,0,0,0,0,0,0,22-24
Cameron Batson,0,0,0,0,197,7,0,0,36,2,23-26
Tyler Biadasz,0,0,0,0,0,0,0,0,0,0,23-25
Kendall Blanton,0,0,0,0,72,0,0,0,0,0,24-27
Ben Bredeson,0,0,0,0,0,0,0,0,0,0,22-24
Aaron Brewer,0,0,0,0,0,0,0,0,0,0,23-25
Harrison Bryant,0,0,0,0,710,1,0,0,8,7,22-24
Joe Burrow,10,1044,31,1530,0,152,11774,82,517,0,24-26
Lawrence Cager,0,0,0,0,153,0,0,0,0,1,23-25
Marquez Callaway,0,0,0,0,1069,0,0,0,0,7,22-24
Quintez Cephus,0,0,0,0,568,0,0,0,0,4,22-24
Saahdiq Charles,0,0,0,0,0,0,0,0,0,0,21-23
Dan Chisena,0,0,0,0,0,0,0,0,0,0,23-25
Chase Claypool,2,1,0,1,2184,33,1,1,171,12,22-24
Ezra Cleveland,0,0,0,0,0,0,0,0,0,0,22-24
Tyrie Cleveland,0,0,0,0,91,0,0,0,0,0,23-25
Aviante Collins,0,0,0,0,0,0,0,0,0,0,24-29
Trystan Colon-Castillo,0,0,0,0,0,0,0,0,0,0,22-24
Lester Cotton,0,0,0,0,0,0,0,0,0,0,23-26
Lloyd Cushenberry III,0,0,0,0,0,0,0,0,0,0,23-25
DeeJay Dallas,4,0,1,1,370,102,0,0,432,1,22-24
Gabriel Davis,0,0,0,0,1984,1,0,0,0,20,21-23
Tyler Davis,0,0,0,0,61,0,0,0,0,0,23-25
Josiah Deguara,0,0,0,0,371,0,0,0,0,2,23-25
AJ Dillon,14,0,0,0,540,419,0,0,1815,2,22-24
Andre Dillard,0,0,0,0,0,0,0,0,0,0,24-27
Joshua Dobbs,0,50,3,85,0,14,456,2,75,0,23-27
Greg Dortch,0,0,0,0,482,8,0,0,68,2,21-24
Kevin Dotson,0,0,0,0,0,0,0,0,0,0,24-26
Jack Driscoll,0,0,0,0,0,0,0,0,0,0,23-25
Michael Dunn,0,0,0,0,0,0,0,0,0,0,26-28
Yasir Durant,0,0,0,0,0,0,0,0,0,0,22-24
Devin Duvernay,1,0,0,0,880,23,0,0,204,5,23-25
Bryan Edwards,0,0,0,0,779,1,0,0,0,4,22-24
Clyde Edwards-Helaire,11,0,0,0,577,371,0,0,1622,6,21-23
Dieter Eiselen,0,0,0,0,0,0,0,0,0,0,24-26
Ben Ellefson,0,0,0,0,36,0,0,0,0,0,24-26
Darrynton Evans,0,0,0,0,71,30,0,0,125,1,22-24
Drew Forbes,0,0,0,0,0,0,0,0,0,0,22-25
Robert Foster,0,0,0,0,642,2,0,0,29,3,24-26
Daurice Fountain,0,0,0,0,23,0,0,0,0,0,23-26
Hjalte Froholdt,0,0,0,0,0,0,0,0,0,0,24-26
Travis Fulgham,0,0,0,0,539,0,0,0,0,4,24-26
Antonio Gibson,21,0,0,0,894,577,0,0,2378,5,22-24
Reggie Gilliam,0,0,0,0,108,3,0,0,3,2,23-25
Colby Gossett,0,0,0,0,0,0,0,0,0,0,23-27
Jon Halapio,0,0,0,0,0,0,0,0,0,0,26-28
KJ Hamler,0,0,0,0,620,11,0,0,63,3,21-23
Blake Hance,0,0,0,0,0,0,0,0,0,0,25-26
Sean Harlow,0,0,0,0,0,0,0,0,0,0,24-27
Penny Hart,0,0,0,0,82,1,0,0,19,0,24-26
J.C. Hassenauer,0,0,0,0,0,0,0,0,0,0,25-27
Jamycal Hasty,4,0,0,0,316,101,0,0,410,1,24-26
Jerald Hawkins,0,0,0,0,0,0,0,0,0,0,24-27
Charlie Heck,0,0,0,0,8,0,0,0,0,0,24-26
Matt Hennessy,0,0,0,0,0,0,0,0,0,0,23-25
Justin Herron,0,0,0,0,0,0,0,0,0,0,25-27
Tee Higgins,0,0,0,0,3028,5,0,0,28,19,21-23
Justice Hill,2,0,0,0,148,119,0,0,547,0,22-25
Kendall Hinton,0,2,2,10,486,4,14,0,20,1,23-25
Brycen Hopkins,0,0,0,0,118,0,0,0,0,0,23-25
Jesper Horsted,0,0,0,0,127,0,0,0,0,3,22-25
Robert Hunt,0,0,0,0,0,1,0,0,0,0,24-26
Tyler Huntley,3,200,7,305,0,100,1754,5,454,0,22-24
Jalen Hurts,26,648,19,1040,3,367,7906,44,1898,0,22-24
Godwin Igwebuike,0,0,0,0,3,3,0,0,4,0,28
Austin Jackson,0,0,0,0,0,0,0,0,0,0,21-23
Jonah Jackson,0,0,0,0,0,0,0,0,0,0,23-25
Justin Jefferson,1,4,0,6,4825,11,69,0,40,25,21-23
Van Jefferson,0,0,0,0,1391,3,0,0,19,10,24-26
Jerry Jeudy,0,0,0,0,2295,6,0,0,43,9,21-23
Juwan Johnson,0,0,0,0,706,0,0,0,0,11,24-26
Tyler Johnson,0,0,0,0,529,0,0,0,0,2,22-24
Tyron Johnson,0,0,0,0,422,3,0,0,17,3,24-26
Jamarco Jones,0,0,0,0,0,0,0,0,0,0,23-25
Josh Jones,0,0,0,0,0,0,0,0,0,0,23-25
Tony Jones,0,0,0,0,59,67,0,0,179,0,23-25
Joshua Kelley,4,0,0,0,287,213,0,0,743,0,23-25
Tom Kennedy,0,1,0,1,195,0,75,1,0,0,23-26
Cole Kmet,0,0,0,0,1399,4,0,0,6,9,21-23
Patrick Laird,1,0,0,0,289,76,0,0,244,0,24-26
CeeDee Lamb,1,0,0,0,3396,29,0,0,205,20,21-23
Shane Lemieux,0,0,0,0,0,0,0,0,0,0,23-25
Corey Levin,0,0,0,0,0,0,0,0,0,0,24-28
Damien Lewis,0,0,0,0,0,0,0,0,0,0,23-25
Greg Little,0,0,0,0,0,0,0,0,0,0,22-25
Drew Lock,5,421,20,710,1,72,4740,25,285,0,23-25
Jordan Mailata,0,0,0,0,0,0,0,0,0,0,23-25
KC McDermott,0,0,0,0,0,0,0,0,0,0,24-26
Anthony McFarland Jr.,0,0,0,0,76,42,0,0,146,0,21-23
Connor McGovern,0,0,0,0,0,0,0,0,0,0,23-25
Sean McKeon,0,0,0,0,38,0,0,0,0,1,23-25
Colton McKivitz,0,0,0,0,0,0,0,0,0,0,24-26
Trace McSorley,0,48,5,93,0,21,502,1,79,0,24-27
Kirk Merritt,0,0,0,0,13,0,0,0,0,0,23-25
Denzel Mims,0,0,0,0,676,0,0,0,0,0,23-25
Darnell Mooney,1,0,0,0,2179,11,0,0,54,10,23-25
Zack Moss,9,0,0,0,331,301,0,0,1282,2,23-25
Kyle Murphy,0,0,0,0,0,0,0,0,0,0,23-28
Sam Mustipher,0,0,0,0,0,0,0,0,0,0,24-26
Netane Muti,0,0,0,0,0,0,0,0,0,0,21-23
Chris Myarick,0,0,0,0,82,0,0,0,0,2,25-27
Ryan Nall,0,0,0,0,71,6,0,0,12,1,24-26
Matt Nelson,0,0,0,0,0,0,0,0,0,0,26-27
Yosuah Nijman,0,0,0,0,0,0,0,0,0,0,24-26
Albert Okwuegbunam,0,0,0,0,546,0,0,0,0,4,22-24
Josh Oliver,0,0,0,0,230,0,0,0,0,2,22-25
Michael Onwenu,0,0,0,0,0,0,0,0,0,0,23-25
Sua Opeta,0,0,0,0,0,0,0,0,0,0,24-26
Matthew Orzech,0,0,0,0,0,0,0,0,0,0,26
K.J. Osborn,0,0,0,0,1305,4,0,0,16,12,23-25
Donald Parham,0,0,0,0,479,0,0,0,0,7,23-25
Colby Parkinson,0,0,0,0,371,0,0,0,0,2,21-23
Dezmon Patmon,0,0,0,0,45,0,0,0,0,1,22-24
Matt Peart,0,0,0,0,0,0,0,0,0,0,23-25
Donovan Peoples-Jones,0,0,0,0,1740,1,0,0,2,8,21-23
Tyre Phillips,0,0,0,0,0,0,0,0,0,0,23-25
Ross Pierschbacher,0,0,0,0,0,0,0,0,0,0,24-27
Danny Pinter,0,0,0,0,2,0,0,0,0,1,24-26
Michael Pittman Jr.,0,0,0,0,2510,11,0,0,100,11,23-25
James Proche,0,0,1,1,278,0,0,0,0,0,24-26
Kevin Rader,0,0,0,0,8,0,0,0,0,0,25-27
Jalen Reagor,0,0,0,0,799,18,0,0,83,4,21-23
James Robinson,18,0,0,0,617,514,0,0,2262,5,22-24
Jordan Roos,0,0,0,0,0,0,0,0,0,0,24-29
Josh Rosen,0,277,21,513,0,26,2864,12,151,0,21-24
Mason Rudolph,0,236,11,384,0,33,2366,16,89,0,24-26
Cesar Ruiz,0,0,0,0,0,0,0,0,0,0,21-23
Jon Runyan Jr.,0,0,0,0,0,0,0,0,0,0,23-25
Brett Rypien,0,80,8,130,0,11,778,4,2,0,24-26
Laviska Shenault Jr.,1,0,0,0,1491,38,0,0,197,6,22-24
Dakoda Shepley,0,0,0,0,0,0,0,0,0,0,26-28
John Simpson,0,0,0,0,0,0,0,0,0,0,23-25
Justin Skule,0,0,0,0,0,0,0,0,0,0,23-26
Irv Smith Jr.,0,0,0,0,858,0,0,0,0,9,21-24
Terence Steele,0,0,0,0,1,0,0,0,0,1,23-25
Logan Stenberg,0,0,0,0,0,0,0,0,0,0,23-25
Jarrett Stidham,0,77,7,131,0,23,926,6,89,0,23-26
Chris Streveler,0,27,1,40,0,16,231,1,75,0,25-27
Stephen Sullivan,0,0,0,0,46,0,0,0,0,0,24-26
Keaton Sutherland,0,0,0,0,0,0,0,0,0,0,22-24
Freddie Swain,0,0,0,0,576,5,0,0,32,6,22-24
Tommy Sweeney,0,0,0,0,165,0,0,0,0,1,24-27
D'Andre Swift,18,0,0,1,1198,364,0,0,1680,7,21-23
Tua Tagovailoa,6,708,23,1078,0,101,8015,52,307,0,22-24
Alex Taylor,0,0,0,0,0,0,0,0,0,0,23-25
J.J. Taylor,2,0,0,0,20,52,0,0,156,0,22-24
Jonathan Taylor,33,0,0,0,802,756,0,0,3841,3,21-23
Andrew Thomas,0,0,0,0,2,0,0,0,0,1,21-23
Noah Togiai,0,0,0,0,0,0,0,0,0,0,23-25
Cameron Tom,0,0,0,0,0,0,0,0,0,0,23-26
Adam Trautman,0,0,0,0,641,0,0,0,0,4,23-25
Ke'Shawn Vaughn,2,0,0,0,79,79,0,0,342,1,23-25
P.J. Walker,0,131,11,228,0,18,1461,5,50,0,25-27
Austin Walter,1,0,0,0,36,27,0,0,104,0,23-25
Prince Tega Wanogho,0,0,0,0,0,0,0,0,0,0,23-25
Greg Ward,0,2,0,3,768,3,17,0,1,10,24-26
Jonathan Ward,0,0,0,0,52,14,0,0,58,1,23-25
Quez Watkins,0,0,0,0,1107,4,0,0,4,5,22-24
Nick Westbrook-Ikhine,0,0,0,0,906,0,0,0,0,7,23-25
Jedrick Wills Jr.,0,0,0,0,0,0,0,0,0,0,21-23
Jonah Williams,0,0,0,0,0,0,0,0,0,0,23-25
Tristan Wirfs,0,0,0,0,0,0,0,0,0,0,21-23
Charlie Woerner,0,0,0,0,88,0,0,0,0,0,23-25
John Wolford,0,61,5,104,0,16,626,1,87,0,25-27
Logan Woodside,0,1,0,3,0,13,7,0,4,0,25-27
Tremayne Anchrum,0,0,0,0,0,0,0,0,0,0,22-24
Jack Anderson,0,0,0,0,0,0,0,0,0,0,23-24
Tutu Atwell,1,0,0,0,298,9,0,0,34,1,22-23
Kayode Awosika,0,0,0,0,0,0,0,0,0,0,23-24
Michael Bandy,0,0,0,0,89,0,0,0,0,0,24-25
Aaron Banks,0,0,0,0,0,0,0,0,0,0,24-25
Jackson Barton,0,0,0,0,0,0,0,0,0,0,26-27
John Bates,0,0,0,0,357,0,0,0,0,2,24-25
Rashod Bateman,0,0,0,0,800,0,0,0,0,3,22-23
Nick Bawden,0,0,0,0,37,0,0,0,0,0,23-25
Mekhi Becton,0,0,0,0,0,0,0,0,0,0,21-22
Eno Benjamin,3,0,0,0,235,111,0,0,431,0,22-23
Trinity Benson,0,0,0,0,103,0,0,0,0,0,24-25
Victor Bolden,0,0,0,0,10,0,0,0,0,0,22-23
Larry Borom,0,0,0,0,0,0,0,0,0,0,22-23
Lynn Bowden Jr.,0,1,0,2,211,9,32,0,32,0,23-25
Blake Brandel,0,0,0,0,0,0,0,0,0,0,24-25
Chandler Brewer,0,0,0,0,0,0,0,0,0,0,22-25
Gary Brightwell,1,0,0,0,45,32,0,0,145,0,22-23
Dyami Brown,0,0,0,0,308,2,0,0,11,2,22-23
Spencer Brown,0,0,0,0,0,0,0,0,0,0,23-24
Spencer Brown,0,0,0,0,10,9,0,0,43,0,23-24
Deon Cain,0,0,0,0,124,0,0,0,0,0,23-24
Yodny Cajuste,0,0,0,0,0,0,0,0,0,0,25-26
Jalen Camp,0,0,0,0,7,0,0,0,0,0,23-24
Jackson Carman,0,0,0,0,0,0,0,0,0,0,21-22
Michael Carter,7,0,0,0,613,261,0,0,1041,0,22-23
Tory Carter,0,0,0,0,0,0,0,0,0,0,22-23
Ja'Marr Chase,0,0,0,0,2501,12,0,0,29,22,21-22
Brady Christensen,0,0,0,0,0,0,0,0,0,0,25-26
Ben Cleveland,0,0,0,0,0,0,0,0,0,0,23-24
Nico Collins,0,0,0,0,927,0,0,0,0,3,22-23
Samuel Cosmi,0,0,0,0,0,0,0,0,0,0,22-23
Isaiah Coulter,0,0,0,0,0,0,0,0,0,0,22-23
Jake Curhan,0,0,0,0,0,0,0,0,0,0,23-24
Drew Dalman,0,0,0,0,0,0,0,0,0,0,23-24
Scott Daly,0,0,0,0,0,0,0,0,0,0,27
Frank Darby,0,0,0,0,29,0,0,0,0,0,24-25
Jaelon Darden,0,0,0,0,69,2,0,0,13,0,22-23
Christian Darrisaw,0,0,0,0,0,0,0,0,0,0,22-23
Wyatt Davis,0,0,0,0,0,0,0,0,0,0,22-23
Landon Dickerson,0,0,0,0,0,0,0,0,0,0,23-24
Christian DiLauro,0,0,0,0,0,0,0,0,0,0,27-28
J.K. Dobbins,11,0,0,0,162,226,0,0,1325,1,22-24
Rico Dowdle,0,0,0,0,0,7,0,0,24,0,22-24
Tommy Doyle,0,0,0,0,0,0,0,0,0,0,23-24
Jacob Eason,0,5,2,10,0,0,84,0,0,0,24-25
Sam Ehlinger,0,64,3,101,0,20,573,3,96,0,23-24
Liam Eichenberg,0,0,0,0,0,0,0,0,0,0,23-24
D'Wayne Eskridge,0,0,0,0,122,6,0,0,69,1,24-25
Chris Evans,0,0,0,0,189,17,0,0,77,3,24-25
Matt Farniok,0,0,0,0,0,0,0,0,0,0,24-25
Luke Farrell,0,0,0,0,96,0,0,0,0,0,24-25
Simi Fehoko,0,0,0,0,24,0,0,0,0,0,24-25
Demetric Felton,0,0,0,0,189,8,0,0,20,2,23-24
Justin Fields,10,351,21,588,0,232,4112,24,1563,0,22-23
Dez Fitzpatrick,0,0,0,0,49,0,0,0,0,1,24-25
Miller Forristall,0,0,0,0,0,0,0,0,0,0,23-24
Stone Forsythe,0,0,0,0,0,0,0,0,0,0,24-25
Jody Fortson,0,0,0,0,155,0,0,0,0,4,26-27
Feleipe Franks,0,0,1,1,0,4,0,0,6,0,24-25
Jordan Franks,0,0,0,0,37,0,0,0,0,0,22-25
Pat Freiermuth,0,0,0,0,1229,0,0,0,0,9,23-24
Will Fries,0,0,0,0,0,0,0,0,0,0,23-24
Jake Funk,0,0,0,0,0,2,0,0,5,0,23-24
Kenneth Gainwell,9,0,0,0,422,121,0,0,531,1,22-23
Tanner Gentry,0,0,0,0,35,0,0,0,0,0,23-28
Jaeden Graham,0,0,0,0,174,0,0,0,0,1,24-25
Kylen Granson,0,0,0,0,408,1,0,0,0,0,23-24
Noah Gray,1,0,0,0,335,1,0,0,1,2,22-23
Robert Hainsey,0,0,0,0,0,0,0,0,0,0,23-24
Jake Hanson,0,0,0,0,0,0,0,0,0,0,24-25
Jacob Harris,0,0,0,0,6,0,0,0,0,0,24-25
Najee Harris,14,1,0,1,696,579,4,0,2234,6,23-24
Nick Harris,0,0,0,0,0,0,0,0,0,0,22-23
Khalil Herbert,6,0,0,0,153,232,0,0,1164,1,23-24
Parker Hesse,0,0,0,0,89,0,0,0,0,0,27
Kylin Hill,0,0,0,0,5,11,0,0,31,0,23-24
Trey Hill,0,0,0,0,0,0,0,0,0,0,21-22
Isaiah Hodgins,0,0,0,0,392,0,0,0,0,4,23-24
Chuba Hubbard,7,0,0,0,345,267,0,0,1078,1,22-23
James Hudson,0,0,0,0,0,0,0,0,0,0,22-23
Creed Humphrey,0,0,0,0,0,0,0,0,0,0,22-23
Jason Huntley,0,0,0,0,0,18,0,0,70,0,22-23
Keith Ismael,0,0,0,0,0,0,0,0,0,0,22-23
Alaric Jackson,0,0,0,0,0,0,0,0,0,0,23-24
Deon Jackson,2,0,0,0,209,81,0,0,267,1,22-23
Tyree Jackson,0,0,0,0,22,0,0,0,0,1,24-25
Brenden Jaimes,0,0,0,0,0,0,0,0,0,0,22-23
Teven Jenkins,0,0,0,0,0,0,0,0,0,0,23-24
Jauan Jennings,0,0,0,0,698,0,0,0,0,6,24-25
Collin Johnson,0,0,0,0,377,0,0,0,0,2,23-24
Olabisi Johnson,0,0,0,0,483,1,0,0,6,3,22-23
Mac Jones,1,640,24,963,0,91,6798,36,231,0,23-24
Robert Jones,0,0,0,0,0,0,0,0,0,0,22-23
Brevin Jordan,0,0,0,0,306,0,0,0,0,3,21-22
Mason Kinsey,0,0,0,0,3,0,0,0,0,0,23-24
Trey Lance,1,56,3,102,0,54,797,5,235,0,21-22
Trevor Lawrence,7,746,25,1186,0,135,7754,37,625,0,22-23
Alex Leatherwood,0,0,0,0,0,0,0,0,0,0,22-23
Nick Leverett,0,0,0,0,0,0,0,0,0,0,24-25
Walker Little,0,0,0,0,0,0,0,0,0,0,22-23
Hunter Long,0,0,0,0,8,0,0,0,0,0,23-24
Jordan Love,0,50,3,83,0,13,606,3,26,0,23-24
Tyler Mabry,0,0,0,0,7,0,0,0,0,1,25-26
Terrace Marshall Jr.,0,0,0,0,628,0,0,0,0,1,21-22
Tre' McKitty,0,0,0,0,117,0,0,0,0,0,22-23
Racey McMath,0,0,0,0,48,1,0,0,4,0,22-23
Quinn Meinerz,0,0,0,0,0,0,0,0,0,0,23-24
Davis Mills,2,555,25,873,0,50,5782,33,152,0,23-24
Dax Milne,0,0,0,0,120,1,0,0,1,1,22-23
Elijah Mitchell,7,0,0,0,144,252,0,0,1242,1,23-24
Dan Moore,0,0,0,0,0,0,0,0,0,0,23-24
Elijah Moore,1,0,0,0,984,10,0,0,59,6,21-22
Jaylon Moore,0,0,0,0,0,0,0,0,0,0,23-24
Rondale Moore,0,0,0,0,849,24,0,0,71,2,21-22
Jimmy Morrissey,0,0,0,0,0,0,0,0,0,0,23-24
Josh Myers,0,0,0,0,0,0,0,0,0,0,23-24
Royce Newman,0,0,0,0,0,0,0,0,0,0,24-25
Lucas Niang,0,0,0,0,0,0,0,0,0,0,23-24
Kene Nwangwu,0,0,0,0,30,22,0,0,75,0,23-24
Josh Palmer,0,0,0,0,1122,2,0,0,10,7,23-24
Jaret Patterson,2,0,0,0,73,85,0,0,344,0,22-23
La'Mical Perine,2,0,0,0,63,72,0,0,263,0,22-23
Jared Pinkney,0,0,0,0,0,0,0,0,0,0,24-25
Kyle Pitts,0,0,0,0,1382,0,0,0,0,3,21-22
Adam Prentice,0,0,0,0,25,7,0,0,14,0,24-25
Isaiah Prince,0,0,0,0,0,0,0,0,0,0,22-24
Dillon Radunz,0,0,0,0,0,0,0,0,0,0,23-24
Giovanni Ricci,0,0,0,0,100,0,0,0,0,0,25-26
Amari Rodgers,0,0,0,0,249,3,0,0,18,1,22-23
Larry Rountree,1,0,0,0,13,49,0,0,106,0,22-23
Anthony Schwartz,1,0,0,0,186,10,0,0,96,1,21-22
Trey Sermon,1,0,0,0,26,43,0,0,186,0,22-23
Penei Sewell,0,0,0,0,9,0,0,0,0,0,21-22
Darrius Shepherd,0,0,0,0,47,0,0,0,0,0,24-25
David Sills,0,0,0,0,123,0,0,0,0,0,25-26
Ben Skowronek,1,0,0,0,509,1,0,0,17,0,24-25
Rashawn Slater,0,0,0,0,0,0,0,0,0,0,22-23
D'Ante Smith,0,0,0,0,0,0,0,0,0,0,23-24
DeVonta Smith,0,0,0,0,2112,0,0,0,0,12,23-24
Trey Smith,0,0,0,0,0,0,0,0,0,0,22-23
Matt Sokol,0,0,0,0,0,0,0,0,0,0,25-27
Rhamondre Stevenson,10,0,0,0,544,343,0,0,1646,1,23-24
Jack Stoll,0,0,0,0,145,0,0,0,0,0,23-24
Mike Strachan,0,0,0,0,85,0,0,0,0,0,24-25
Amon-Ra St. Brown,1,0,0,0,2073,16,0,0,156,11,22-23
Malik Taylor,0,0,0,0,80,1,0,0,9,1,25-26
Patrick Taylor,1,0,0,0,20,33,0,0,120,0,23-24
Sam Tecklenburg,0,0,0,0,0,0,0,0,0,0,23-24
Colin Thompson,0,0,0,0,7,0,0,0,0,1,27-28
Darwin Thompson,2,0,0,0,108,64,0,0,225,1,22-23
Calvin Throckmorton,0,0,0,0,0,0,0,0,0,0,25-26
Kadarius Toney,1,1,0,3,591,10,19,0,88,2,22-23
Brett Toth,0,0,0,0,0,0,0,0,0,0,24-25
Austin Trammell,0,0,0,0,13,0,0,0,0,0,23-24
Badara Traore,0,0,0,0,0,0,0,0,0,0,24-25
Tommy Tremble,1,0,0,0,354,3,0,0,11,4,21-22
Cole Van Lanen,0,0,0,0,0,0,0,0,0,0,23-24
Alijah Vera-Tucker,0,0,0,0,0,0,0,0,0,0,22-23
Jaylen Waddle,1,0,0,0,2371,5,0,0,29,14,23-24
Tylan Wallace,0,0,0,0,56,0,0,0,0,0,22-23
Davis Webb,1,23,0,40,0,8,168,1,38,0,26-27
Cody White,0,0,0,0,35,0,0,0,0,0,23-24
Mike White,1,191,12,307,0,11,2145,8,8,0,26-27
Mitchell Wilcox,0,0,0,0,155,0,0,0,0,1,25-26
Kristian Wilkerson,0,0,0,0,42,0,0,0,0,2,23-24
Antonio Williams,2,0,0,0,20,12,0,0,63,0,23-25
Avery Williams,1,0,0,0,61,22,0,0,109,0,24
Javonte Williams,4,0,0,0,392,250,0,0,1107,3,21-22
Ty'Son Williams,1,0,0,0,89,35,0,0,185,0,25-26
Zach Wilson,5,345,18,625,2,57,4022,15,287,1,22-23
Brock Wright,0,0,0,0,333,0,0,0,0,6,23-24
Kenny Yeboah,0,0,0,0,36,0,0,0,0,0,23-24
Landon Young,0,0,0,0,0,0,0,0,0,0,24-25
Shane Zylstra,0,0,0,0,94,0,0,0,0,4,25-26
Maurice Alexander,0,0,0,0,7,0,0,0,0,0,25
Josh Ali,0,0,0,0,0,0,0,0,0,0,23
Chase Allen,0,0,0,0,0,0,0,0,0,0,25
Tyler Allgeier,3,0,0,0,139,210,0,0,1035,1,22
AJ Arcuri,0,0,0,0,0,0,0,0,0,0,25
Andre Baccellia,0,0,0,0,45,0,0,0,0,0,25
Tyler Badie,0,0,0,0,24,1,0,0,0,1,22
Zack Bailey,0,0,0,0,0,0,0,0,0,0,27
Kawaan Baker,0,0,0,0,0,0,0,0,0,0,23
Daylen Baldwin,0,0,0,0,25,0,0,0,0,0,23
Josh Ball,0,0,0,0,0,0,0,0,0,0,24
Willie Beavers,0,0,0,0,0,0,0,0,0,0,23
Nate Becker,0,0,0,0,0,0,0,0,0,0,24
Daniel Bellinger,1,0,0,0,268,1,0,0,2,2,22
David Bell,0,0,0,0,214,0,0,0,0,0,22
Jared Bernhardt,0,0,0,0,0,0,0,0,0,0,25
Stanley Berryhill,0,0,0,0,0,0,0,0,0,0,24
Raheem Blackshear,3,0,0,0,93,23,0,0,77,0,23
Tarik Black,0,0,0,0,10,0,0,0,0,0,23
Ian Book,0,12,2,20,0,3,135,0,6,0,23
Nick Bowers,0,0,0,0,0,0,0,0,0,0,25
Brittain Brown,0,0,0,0,0,0,0,0,0,0,25
Deonte Brown,0,0,0,0,0,0,0,0,0,0,23
Ian Bunting,0,0,0,0,0,0,0,0,0,0,25
Spencer Burford,0,0,0,0,0,0,0,0,0,0,23
Treylon Burks,0,0,0,0,444,4,0,0,47,1,22
Matt Bushman,0,0,0,0,0,0,0,0,0,0,26
Raymond Calais,0,0,0,0,0,0,0,0,0,0,22
Grant Calcaterra,0,0,0,0,81,0,0,0,0,0,24
Ja'Tyre Carter,0,0,0,0,0,0,0,0,0,0,23
Roger Carter,0,0,0,0,0,0,0,0,0,0,23
Ty Chandler,0,0,0,0,0,6,0,0,20,0,24
Julius Chestnut,0,0,0,0,41,9,0,0,12,0,22
Larnel Coleman,0,0,0,0,0,0,0,0,0,0,24
Snoop Conner,1,0,0,0,0,12,0,0,42,0,22
Tanner Conner,0,0,0,0,0,0,0,0,0,0,24
James Cook,2,0,0,0,180,89,0,0,507,1,23
Britain Covey,0,0,0,0,0,0,0,0,0,0,25
Damarea Crockett,0,0,0,0,0,3,0,0,7,0,24
Coy Cronk,0,0,0,0,0,0,0,0,0,0,24
Charles Cross,0,0,0,0,0,0,0,0,0,0,22
Malik Davis,1,0,0,0,63,38,0,0,161,0,24
Tyrion Davis-Price,0,0,0,0,0,34,0,0,99,0,22
Austin Deculus,0,0,0,0,0,0,0,0,0,0,23
Jamil Demby,0,0,0,0,0,0,0,0,0,0,23
Ben DiNucci,0,23,0,43,0,6,219,0,22,0,24
Romeo Doubs,0,0,0,0,425,1,0,0,11,3,22
Greg Dulcich,0,0,0,0,411,0,0,0,0,2,22
Trestan Ebner,0,0,0,0,8,24,0,0,54,0,23
Ikem Ekwonu,0,0,0,0,0,0,0,0,0,0,22
Travis Etienne,5,0,0,0,316,220,0,0,1125,0,23
Joshua Ezeudu,0,0,0,0,0,0,0,0,0,0,23
Erik Ezukanma,0,0,0,0,3,0,0,0,0,0,22
Daniel Faalele,0,0,0,0,0,0,0,0,0,0,23
Tavien Feaster,0,0,0,0,0,0,0,0,0,0,24
Jake Ferguson,0,0,0,0,174,0,0,0,0,2,23
Ethan Fernea,0,0,0,0,0,0,0,0,0,0,24
Jerome Ford,0,0,0,0,0,8,0,0,12,0,23
Luke Fortner,0,0,0,0,0,0,0,0,0,0,24
Lamont Gaillard,0,0,0,0,0,0,0,0,0,0,24
Kaylon Geiger,0,0,0,0,0,0,0,0,0,0,25
Luke Goedeke,0,0,0,0,0,0,0,0,0,0,24
Derrick Gore,2,0,0,0,105,51,0,0,256,0,27
Danny Gray,0,0,0,0,10,1,0,0,9,0,23
Ethan Greenidge,0,0,0,0,0,0,0,0,0,0,23
Kendrick Green,0,0,0,0,0,0,0,0,0,0,23
Kenyon Green,0,0,0,0,0,0,0,0,0,0,21
Will Grier,0,28,4,52,0,7,228,0,22,0,24
Sebastian Gutierrez,0,0,0,0,0,0,0,0,0,0,24
Troy Hairston,0,0,0,0,19,0,0,0,0,0,24
Breece Hall,4,0,0,0,218,80,0,0,463,1,21
Arlington Hambright,0,0,0,0,0,0,0,0,0,0,24
Devery Hamilton,0,0,0,0,0,0,0,0,0,0,24
JaQuan Hardy,1,0,0,0,0,4,0,0,29,0,24
Kevin Harris,1,0,0,0,0,18,0,0,52,0,22
Hassan Haskins,0,0,0,0,57,25,0,0,93,0,23
Peyton Hendershot,1,0,0,0,103,1,0,0,2,2,23
Grant Hermanns,0,0,0,0,0,0,0,0,0,0,24
Connor Heyward,0,0,0,0,151,2,0,0,27,1,23
Kyle Hinton,0,0,0,0,0,0,0,0,0,0,24
Brock Hoffman,0,0,0,0,0,0,0,0,0,0,23
Zander Horvath,0,0,0,0,8,4,0,0,8,2,24
Dennis Houston,0,0,0,0,16,0,0,0,0,0,23
Sam Howell,1,11,1,19,0,5,169,1,35,0,22
Caleb Huntley,1,0,0,0,3,76,0,0,366,0,24
Ishmael Hyman,0,0,0,0,34,0,0,0,0,0,24
Ed Ingram,0,0,0,0,0,0,0,0,0,0,23
Keaontay Ingram,1,0,0,0,21,27,0,0,60,0,23
Jermar Jefferson,2,0,0,0,23,15,0,0,74,0,21
Gary Jennings Jr,0,0,0,0,0,0,0,0,0,0,22
Brandon Johnson,0,0,0,0,42,0,0,0,0,1,24
Cade Johnson,0,0,0,0,21,0,0,0,0,0,24
Josh Johnson,0,0,0,0,0,0,0,0,0,0,24
Johnny Johnson,0,0,0,0,0,0,0,0,0,0,23
Zack Johnson,0,0,0,0,0,0,0,0,0,0,25
Zion Johnson,0,0,0,0,0,0,0,0,0,0,23
Braxton Jones,0,0,0,0,0,0,0,0,0,0,23
Tim Jones,0,0,0,0,30,0,0,0,0,0,24
Velus Jones Jr.,1,0,0,0,107,9,0,0,103,1,25
Cam Jurgens,0,0,0,0,0,0,0,0,0,0,23
Nikola Kalinic,0,0,0,0,0,0,0,0,0,0,25
Hunter Kampmoyer,0,0,0,0,0,0,0,0,0,0,23
Lewis Kidd,0,0,0,0,0,0,0,0,0,0,25
Ko Kieft,0,0,0,0,80,0,0,0,0,1,24
Darian Kinnard,0,0,0,0,0,0,0,0,0,0,23
Zonovan Knight,1,0,0,0,100,85,0,0,300,0,21
Charlie Kolar,0,0,0,0,49,0,0,0,0,0,23
Jeremiah Kolone,0,0,0,0,0,0,0,0,0,0,28
Tommy Kraemer,0,0,0,0,0,0,0,0,0,0,23
Lucas Krull,0,0,0,0,0,0,0,0,0,0,24
Kwamie Lassiter II,0,0,0,0,0,0,0,0,0,0,24
John Leglue,0,0,0,0,0,0,0,0,0,0,25
Isaiah Likely,0,0,0,0,373,0,0,0,0,3,22
Tyler Linderbaum,0,0,0,0,0,0,0,0,0,0,22
Drake London,0,0,0,0,866,0,0,0,0,4,21
John Lovett,0,0,0,0,0,3,0,0,6,0,24
Vederian Lowe,0,0,0,0,0,0,0,0,0,0,23
Abraham Lucas,0,0,0,0,0,0,0,0,0,0,24
Jake Luton,1,60,6,110,0,1,624,2,13,0,24
Tay Martin,0,0,0,0,0,0,0,0,0,0,25
Jordan Mason,1,0,0,0,0,43,0,0,258,0,23
Jalen Mayfield,0,0,0,0,0,0,0,0,0,0,21
Cade Mays,0,0,0,0,0,0,0,0,0,0,23
Trey McBride,0,0,0,0,265,0,0,0,0,1,23
Ryan McCollum,0,0,0,0,0,0,0,0,0,0,23
Lance McCutcheon,0,0,0,0,0,0,0,0,0,0,23
Kyric McGowan,0,0,0,0,0,0,0,0,0,0,23
Jordan Meredith,0,0,0,0,0,0,0,0,0,0,24
Marken Michel,0,0,0,0,0,0,0,0,0,0,27
James Mitchell,0,0,0,0,113,0,0,0,0,1,23
Max Mitchell,0,0,0,0,0,0,0,0,0,0,23
John Molchon,0,0,0,0,0,0,0,0,0,0,25
Kellen Mond,0,2,0,3,0,0,5,0,0,0,22
Skyy Moore,0,0,0,0,250,3,0,0,24,0,22
Quintin Morris,0,0,0,0,84,0,0,0,0,1,23
Thayer Munford,0,0,0,0,0,0,0,0,0,0,23
Bill Murray,0,0,0,0,0,0,0,0,0,0,25
Nick Muse,0,0,0,0,0,0,0,0,0,0,24
Jalen Nailor,0,0,0,0,179,0,0,0,0,1,23
Evan Neal,0,0,0,0,0,0,0,0,0,0,22
Ryan Neuzil,0,0,0,0,0,0,0,0,0,0,25
Xavier Newman-Johnson,0,0,0,0,0,0,0,0,0,0,23
Elijah Nkansah,0,0,0,0,0,0,0,0,0,0,24
Chigoziem Okonkwo,0,0,0,0,450,3,0,0,2,3,23
Chris Olave,0,0,0,0,1042,0,0,0,0,4,22
Sewo Olonilua,0,0,0,0,0,0,0,0,0,0,23
Cade Otton,0,0,0,0,391,0,0,0,0,2,23
Isiah Pacheco,5,0,0,0,130,170,0,0,830,0,23
Dylan Parham,0,0,0,0,0,0,0,0,0,0,23
Chris Paul,0,0,0,0,0,0,0,0,0,0,24
Trevor Penning,0,0,0,0,0,0,0,0,0,0,23
Bryce Perkins,0,19,2,34,0,19,161,1,90,0,26
Nicholas Petit-Frere,0,0,0,0,0,0,0,0,0,0,23
Kyle Philips,0,0,0,0,78,0,0,0,0,0,23
George Pickens,1,0,0,0,801,3,0,0,24,4,21
Kenny Pickett,3,245,9,389,0,55,2404,7,237,0,24
Alec Pierce,0,0,0,0,593,0,0,0,0,2,22
Dameon Pierce,4,0,0,0,165,220,0,0,939,1,22
Cornell Powell,0,0,0,0,0,0,0,0,0,0,25
D'Vonte Price,0,0,0,0,0,0,0,0,0,0,23
Brock Purdy,1,114,4,170,0,22,1374,13,13,0,23
Paul Quessenberry,0,0,0,0,0,0,0,0,0,0,29
Teagan Quitoriano,0,0,0,0,113,0,0,0,0,2,22
Trey Ragas,0,0,0,0,6,1,0,0,9,0,25
Bernhard Raimann,0,0,0,0,0,0,0,0,0,0,25
Nick Ralston,0,0,0,0,0,0,0,0,0,0,25
Joe Reed,1,0,0,0,0,5,0,0,29,0,22
Sammis Reyes,0,0,0,0,0,0,0,0,0,0,26
Sean Rhyan,0,0,0,0,0,0,0,0,0,0,24
Desmond Ridder,0,73,0,115,0,16,708,2,64,0,23
Ronnie Rivers,0,0,0,0,29,9,0,0,21,0,23
Brian Robinson Jr.,2,0,0,0,60,205,0,0,797,1,23
Armani Rogers,0,0,0,0,64,2,0,0,26,0,25
Jeremy Ruckert,0,0,0,0,8,0,0,0,0,0,22
Jamaree Salyer,0,0,0,0,0,0,0,0,0,0,22
Braylon Sanders,0,0,0,0,17,0,0,0,0,0,23
Foster Sarell,0,0,0,0,0,0,0,0,0,0,24
Mekhi Sargent,0,0,0,0,0,5,0,0,11,0,24
C.J. Saunders,0,0,0,0,11,0,0,0,0,0,25
Greg Senat,0,0,0,0,0,0,0,0,0,0,26
Rashid Shaheed,1,0,0,0,488,4,0,0,57,2,24
Khalil Shakir,0,0,0,0,161,0,0,0,0,1,22
Josh Sills,0,0,0,0,0,0,0,0,0,0,24
Lachavious Simmons,0,0,0,0,0,0,0,0,0,0,25
Stone Smartt,0,0,0,0,17,0,0,0,0,0,24
Lecitus Smith,0,0,0,0,0,0,0,0,0,0,24
Tyler Smith,0,0,0,0,0,0,0,0,0,0,21
Isaiah Spiller,0,0,0,0,13,18,0,0,41,0,21
Jayson Stanley,0,0,0,0,0,0,0,0,0,0,23
Jordan Steckler,0,0,0,0,0,0,0,0,0,0,25
Marquez Stevenson,0,0,0,0,0,0,0,0,0,0,23
Dillon Stoner,0,0,0,0,0,0,0,0,0,0,23
Cole Strange,0,0,0,0,0,0,0,0,0,0,24
Pierre Strong,1,0,0,0,42,10,0,0,100,0,24
Luke Tenuta,0,0,0,0,0,0,0,0,0,0,23
Cody Thompson,0,0,0,0,0,0,0,0,0,0,25
Deven Thompkins,0,0,0,0,32,2,0,0,26,0,23
Skylar Thompson,0,60,3,105,0,14,534,1,21,0,25
Zachary Thomas,0,0,0,0,0,0,0,0,0,0,24
Tyquan Thornton,1,0,0,0,247,3,0,0,16,2,22
Jalen Tolbert,0,0,0,0,12,0,0,0,0,0,23
Zach Tom,0,0,0,0,0,0,0,0,0,0,23
Jake Tonges,0,0,0,0,0,0,0,0,0,0,23
Jon Toth,0,0,0,0,0,0,0,0,0,0,27
Samori Toure,0,0,0,0,82,0,0,0,0,1,24
Kyle Trask,0,3,0,9,0,0,23,0,0,0,24
Casey Tucker,0,0,0,0,0,0,0,0,0,0,26
Cole Turner,0,0,0,0,23,0,0,0,0,0,22
DJ Turner,0,0,0,0,0,4,0,0,26,0,25
KaVontae Turpin,0,0,0,0,9,3,0,0,17,0,26
John Ursua,0,0,0,0,11,0,0,0,0,0,25
Binjimen Victor,0,0,0,0,0,0,0,0,0,0,25
Jalen Virgil,0,0,0,0,75,0,0,0,0,1,24
Cordell Volson,0,0,0,0,0,0,0,0,0,0,24
Matt Waletzko,0,0,0,0,0,0,0,0,0,0,23
Kenneth Walker III,9,0,0,0,165,228,0,0,1050,0,22
Brandon Walton,0,0,0,0,0,0,0,0,0,0,24
Jaylen Warren,1,0,0,0,214,77,0,0,379,0,24
Montrell Washington,0,0,0,0,2,5,0,0,30,0,23
Scotty Washington,0,0,0,0,0,0,0,0,0,0,26
Christian Watson,2,0,0,0,611,7,0,0,80,7,23
Luke Wattenberg,0,0,0,0,0,0,0,0,0,0,25
Raleigh Webb,0,0,0,0,0,0,0,0,0,0,25
Antoine Wesley,0,0,0,0,208,0,0,0,0,3,24
Rachaad White,1,0,0,0,290,129,0,0,481,2,23
Zamir White,0,0,0,0,0,17,0,0,70,0,23
Darryl Williams,0,0,0,0,0,0,0,0,0,0,25
Jameson Williams,0,0,0,0,41,1,0,0,40,1,21
Kyren Williams,0,0,0,0,76,35,0,0,139,0,22
Malik Willis,1,31,3,61,0,27,276,0,123,0,23
Seth Williams,0,0,0,0,34,0,0,0,0,0,21
Garrett Wilson,0,0,0,1,1103,4,0,0,4,4,22
Easop Winston,0,0,0,0,5,0,0,0,0,0,25
Jelani Woods,0,0,0,0,312,0,0,0,0,3,24
Dareke Young,0,0,0,0,24,0,0,0,0,0,23
Nick Zakelj,0,0,0,0,0,0,0,0,0,0,23
Isaiah Zuber,0,0,0,0,29,2,0,0,21,0,23